comment_id,variance_score,variance_percentile,variance_rank,text,annotator_id,platform,sentiment,respect,insult,humiliate,status,dehumanize,violence,genocide,attack_defend,hatespeech,hate_speech_score,infitms,outfitms,annotator_severity,std_err,annotator_infitms,annotator_outfitms,hypothesis,target_race,target_religion,target_origin,target_gender,target_sexuality,target_age,target_disability,annotator_gender,annotator_trans,annotator_educ,annotator_income,annotator_ideology,annotator_transgender,annotator_cisgender,annotator_transgender_prefer_not_to_say,annotator_education_some_high_school,annotator_education_high_school_grad,annotator_education_some_college,annotator_education_college_grad_aa,annotator_education_college_grad_ba,annotator_education_professional_degree,annotator_education_masters,annotator_education_phd,annotator_age,annotator_race,annotator_religion,annotator_sexuality
39073,1014.1666666666664,100.0,1.0,Afghanistan will rise. Kashmir will rise. Palestine will rise. Syria will rise. Yemen will rise. Sudan will rise. Somalia will rise. So will every other oppressed land.,5891,2,0.0,2.0,0.0,0.0,2.0,0.0,0.0,0.0,1.0,0.0,-4.99,0.9,0.27,-0.64,0.48,1.35,1.36,-0.1371408704133734,Middle Eastern,,,,,,,Women,no,some_college,10K-50K,Conservative,False,True,False,False,False,True,False,False,False,False,False,81.0,White,Christian,Straight
13076,1014.1666666666664,100.0,1.0,Hence why it is good to blend in with feminists. Any comments that say women are less than 100% perfect merit a call to human resources.,5891,0,0.0,0.0,0.0,0.0,2.0,1.0,1.0,0.0,1.0,0.0,-3.12,2.46,1.13,-0.64,0.37,1.35,1.36,-0.8225026077389944,,,,Women,,,,Women,no,some_college,10K-50K,Conservative,False,True,False,False,False,True,False,False,False,False,False,81.0,White,Christian,Straight
21293,1014.1666666666664,100.0,1.0,You won't ever catch me fw a nigga twice ‚úåüèΩ,5891,2,4.0,4.0,4.0,4.0,2.0,4.0,2.0,1.0,3.0,2.0,-0.72,1.27,1.12,-0.64,0.34,1.35,1.36,-0.1612053845742876,Black,,,,,,,Women,no,some_college,10K-50K,Conservative,False,True,False,False,False,True,False,False,False,False,False,81.0,White,Christian,Straight
43507,1014.1666666666664,100.0,1.0,+Sho Ent butthurt queer,5891,3,2.0,4.0,4.0,4.0,2.0,2.0,0.0,0.0,2.0,2.0,0.0,3.17,2.49,-0.64,0.35,1.35,1.36,-0.1961289088966524,,,,,Lesbian,,,Women,no,some_college,10K-50K,Conservative,False,True,False,False,False,True,False,False,False,False,False,81.0,White,Christian,Straight
29154,1014.1666666666664,100.0,1.0,"US women's national soccer team co-captain Megan Rapinoe didn't realize she was gay until she was in college. ""It's so embarrassing because I'm just very gay but... as soon as it clicked... I was like 'ah! she has arrived. She's here. Her life is beginning.'"" URL",5891,2,1.0,2.0,2.0,2.0,2.0,0.0,0.0,0.0,2.0,0.0,-3.85,0.64,0.26,-0.64,0.33,1.35,1.36,-1.1071599577966729,,,,,Lesbian,,,Women,no,some_college,10K-50K,Conservative,False,True,False,False,False,True,False,False,False,False,False,81.0,White,Christian,Straight
43935,1014.1666666666664,100.0,1.0,Send in the national guard and deport them all,5891,3,4.0,4.0,3.0,3.0,3.0,3.0,2.0,1.0,3.0,0.0,-0.22,1.48,1.25,-0.64,0.35,1.35,1.36,0.4760939566567228,Latinx,,,,,,,Women,no,some_college,10K-50K,Conservative,False,True,False,False,False,True,False,False,False,False,False,81.0,White,Christian,Straight
20384,1014.1666666666664,100.0,1.0,i don't take that shit serious at all only insecure weird ass niggas complain about that URL,5891,2,4.0,4.0,4.0,4.0,3.0,3.0,1.0,1.0,2.0,2.0,-0.38,1.33,1.1,-0.64,0.35,1.35,1.36,-0.2319482772647866,Black,,,,,,,Women,no,some_college,10K-50K,Conservative,False,True,False,False,False,True,False,False,False,False,False,81.0,White,Christian,Straight
15802,1014.1666666666664,100.0,1.0,Leftists are more likely to turn a blind eye to kids like Desmond who has $1s stuffed in his thong by gay men while he's performing. Hell yeah.,5891,0,4.0,4.0,4.0,4.0,2.0,3.0,0.0,0.0,3.0,2.0,-0.34,0.95,0.77,-0.64,0.34,1.35,1.36,-0.1871865322855516,,,,,Gay,,,Women,no,some_college,10K-50K,Conservative,False,True,False,False,False,True,False,False,False,False,False,81.0,White,Christian,Straight
1253,1014.1666666666664,100.0,1.0,"If it's about Islam, it's not racist. Islam is a belief system. Beliefs can be changed, and are fair game for criticism.",5891,0,3.0,2.0,0.0,1.0,2.0,2.0,1.0,1.0,3.0,0.0,-2.96,0.5,0.32,-0.64,0.37,1.35,1.36,-0.8004151396639915,,Muslim,,,,,,Women,no,some_college,10K-50K,Conservative,False,True,False,False,False,True,False,False,False,False,False,81.0,White,Christian,Straight
20070,1014.1666666666664,100.0,1.0,Who hurt you? Lol. It's comical how stupid and angry you people are.  MEH AMURICA. MY LAND. MINE. BANG BANG GUNS. NO BROWN PEOPLE. WAHH.,5891,1,4.0,4.0,4.0,3.0,4.0,2.0,3.0,3.0,3.0,1.0,0.14,1.04,1.12,-0.64,0.02,1.35,1.36,0.6533467500000001,Black,,,,,,,Women,no,some_college,10K-50K,Conservative,False,True,False,False,False,True,False,False,False,False,False,81.0,White,Christian,Straight
20065,1014.1666666666664,100.0,1.0,"Notwithstanding Marriyum Aurangzeb sahiba's political standing in her own right, amongst the many positives that Maryam Nawaz brought to the Pakistani political arena, bringing our female politicians to the centre-stage is one of the most notable ones. #PakistanStandsWithMaryam URL",5891,1,1.0,0.0,1.0,1.0,2.0,1.0,0.0,0.0,1.0,0.0,-5.12,1.11,1.25,-0.64,0.04,1.35,1.36,0.220379995,,,Specific Country,,,,,Women,no,some_college,10K-50K,Conservative,False,True,False,False,False,True,False,False,False,False,False,81.0,White,Christian,Straight
12121,1014.1666666666664,100.0,1.0,"Growing up I identified as white because I live in a white household and don't have any cultural connection to my other ethnic side but as I grew older and learned to embrace the fact that I am biracial, I start to identify myself as that now.",5891,0,2.0,2.0,0.0,0.0,2.0,1.0,0.0,0.0,2.0,0.0,-3.53,0.41,0.18,-0.64,0.38,1.35,1.36,-1.1635874861500122,Black,,,,,,,Women,no,some_college,10K-50K,Conservative,False,True,False,False,False,True,False,False,False,False,False,81.0,White,Christian,Straight
38267,1014.1666666666664,100.0,1.0,"The answers ( pl read them) given to rants of Rana Ayyub | Snehla Rashid | Saba Naqvi & GUHA gang (after the HISTORIC decision to abrogate 370 and 35A merging the holy land with India)should actually make them all want to self immolate . But shameless as they are, they continueüëé",5891,2,4.0,3.0,3.0,3.0,3.0,3.0,2.0,0.0,3.0,0.0,0.12,0.79,1.32,-0.64,0.44,1.35,1.36,-0.3308506975428419,,Hindu,,,,,,Women,no,some_college,10K-50K,Conservative,False,True,False,False,False,True,False,False,False,False,False,81.0,White,Christian,Straight
809,1014.1666666666664,100.0,1.0,Wow we need her throat in like all women lmao,5891,0,2.0,2.0,2.0,0.0,2.0,0.0,0.0,0.0,2.0,0.0,-0.5,1.61,2.11,-0.64,0.3,1.35,1.36,-0.2194666833001313,,,,Women,,,,Women,no,some_college,10K-50K,Conservative,False,True,False,False,False,True,False,False,False,False,False,81.0,White,Christian,Straight
20021,1014.1666666666664,100.0,1.0,That's no excuse for stealing other people's technology and research and intellectual property You're all a bunch of human cockroaches is what you are And your food is disgusting on top of that you assholes will eat anything to the point where you'll make any creature go extinct because of your fucking appetites You chinks are determined to eat every Pangolin until they are all wiped off the earth,5891,1,4.0,4.0,4.0,4.0,3.0,4.0,1.0,0.0,3.0,2.0,1.96,0.89,0.84,-0.64,0.03,1.35,1.36,0.6867226799999999,Asian,,,,,,,Women,no,some_college,10K-50K,Conservative,False,True,False,False,False,True,False,False,False,False,False,81.0,White,Christian,Straight
8369,1014.1666666666664,100.0,1.0,"Hey, you. Yeah you. Shut the fuck up, stop being a pansy, and go get you're fucking banana bread. You heard me. Get your lazy ass off the fucking sofa, and get that bread. This is the last time I'm telling you to take care of your own goddamn self before I take the kids. I'll take the xbox too, don't fucking try me Jared. ü¶çüçåüí¶ I hope a gorilla tribe gang bangs you, Jared.",5891,0,4.0,4.0,4.0,4.0,4.0,4.0,3.0,1.0,3.0,2.0,2.04,0.76,0.55,-0.64,0.86,1.35,1.36,0.4246395050605528,,,,Men,,,,Women,no,some_college,10K-50K,Conservative,False,True,False,False,False,True,False,False,False,False,False,81.0,White,Christian,Straight
20043,1014.1666666666664,100.0,1.0,"im ,i hate black people and minorities",5891,1,4.0,4.0,4.0,4.0,4.0,2.0,1.0,1.0,4.0,0.0,0.46,1.01,0.86,-0.64,0.03,1.35,1.36,0.68710139,Native American,,,,,,,Women,no,some_college,10K-50K,Conservative,False,True,False,False,False,True,False,False,False,False,False,81.0,White,Christian,Straight
11064,1014.1666666666664,100.0,1.0,Anyone else kinda want to see Israel just burn to the ground?,5891,0,4.0,4.0,4.0,4.0,2.0,3.0,4.0,4.0,4.0,2.0,3.38,1.36,4.06,-0.64,0.65,1.35,1.36,0.3215146248677904,,Jewish,,,,,,Women,no,some_college,10K-50K,Conservative,False,True,False,False,False,True,False,False,False,False,False,81.0,White,Christian,Straight
20004,1014.1666666666664,100.0,1.0,ayo i even kill handicapped and crippled bitches/look at my scalp real close and you'll see triple sixes,5891,1,4.0,4.0,4.0,4.0,3.0,4.0,4.0,4.0,4.0,2.0,2.1,1.61,1.7,-0.64,0.03,1.35,1.36,0.87798342,,,,Women,,,,Women,no,some_college,10K-50K,Conservative,False,True,False,False,False,True,False,False,False,False,False,81.0,White,Christian,Straight
20048,1014.1666666666664,100.0,1.0,">Some incels give a lot but get nothing back   And so should be rewarded with pussy? Are you aware that said pussy is attached to a fully realized human being with the exact same natural rights to happiness as you? And that she does not deserve to be forced to have sex with anyone she finds undesirable?    Do you get that women have the same right to reject men that men have to reject women?    How committed are you to the belief that women are holes, rather than human beings deserving of respect?",5891,1,1.0,3.0,3.0,3.0,2.0,3.0,0.0,0.0,1.0,0.0,-2.36,2.25,2.07,-0.64,0.02,1.35,1.36,0.49658625,,,,Women,,,,Women,no,some_college,10K-50K,Conservative,False,True,False,False,False,True,False,False,False,False,False,81.0,White,Christian,Straight
19671,1014.1666666666664,100.0,1.0,Deserves it stupid bitch,5891,0,4.0,4.0,4.0,4.0,4.0,4.0,0.0,0.0,4.0,2.0,0.51,0.95,0.82,-0.64,0.37,1.35,1.36,0.2832205561287661,,,,Women,,,,Women,no,some_college,10K-50K,Conservative,False,True,False,False,False,True,False,False,False,False,False,81.0,White,Christian,Straight
20012,1013.7666666666664,100.0,1.0,"""@iamkrause: No need to thank me, killing niggers is it's own reward.""  Dis my pal from our graduation when we was 26",5578,1,4.0,4.0,4.0,0.0,4.0,4.0,4.0,4.0,4.0,2.0,2.73,1.82,2.11,-0.99,0.03,1.08,1.07,0.88706452,Black,,,,,,,Men,no,masters,10K-50K,Slightly Liberal,False,True,False,False,False,False,False,False,False,True,False,80.0,Asian,Christian,Straight
42092,1013.7666666666664,100.0,1.0,"@dad fuck you in the ass, being gay is so cool these days it's ridiculous, like a grand new gender that can't be criticized or you are a homophobe, not like 10 years ago when gay was normal, but today it's like a counter culture when coming out of the closet is like the bravest thing you can do. THAT IS A FUCKING JOKE. Are you even synchronized with the shit news spew out these days?",5578,3,4.0,4.0,3.0,3.0,3.0,4.0,0.0,0.0,3.0,2.0,-1.34,1.65,1.29,-0.99,0.34,1.08,1.07,-0.3394675627145268,,,,,Gay,,,Men,no,masters,10K-50K,Slightly Liberal,False,True,False,False,False,False,False,False,False,True,False,80.0,Asian,Christian,Straight
8937,1013.7666666666664,100.0,1.0,Yes I know the atheist article will still blame christians. Its wrong and makes Atheism look like ignorant bigots.,5578,0,3.0,3.0,3.0,3.0,3.0,2.0,0.0,0.0,3.0,2.0,-0.45,0.66,0.56,-0.99,0.35,1.08,1.07,-0.5005924154184502,,Atheist,,,,,,Men,no,masters,10K-50K,Slightly Liberal,False,True,False,False,False,False,False,False,False,True,False,80.0,Asian,Christian,Straight
19815,1013.7666666666664,100.0,1.0,follow the 40% of your tranny comrades retard,5578,0,4.0,4.0,4.0,4.0,4.0,4.0,1.0,0.0,4.0,2.0,1.45,1.52,1.36,-0.99,0.36,1.08,1.07,0.2858999117352747,,,,,Other,,,Men,no,masters,10K-50K,Slightly Liberal,False,True,False,False,False,False,False,False,False,True,False,80.0,Asian,Christian,Straight
41212,1013.7666666666664,100.0,1.0,Everyone read the kalima and become a Muslim or you'll be bitten by snakes if your cristian or gassed to death if your a Jew. Please get out of other ridiculous religions,5578,3,4.0,4.0,4.0,3.0,2.0,2.0,0.0,0.0,4.0,2.0,0.18,0.66,0.7,-0.99,0.36,1.08,1.07,0.2278472048055494,,Jewish,,,,,,Men,no,masters,10K-50K,Slightly Liberal,False,True,False,False,False,False,False,False,False,True,False,80.0,Asian,Christian,Straight
20007,1013.7666666666664,100.0,1.0,Every slant in #LosAngeles should be deported. Those scum have no right to be here. Chinatown should be bulldozed.,5578,1,4.0,4.0,4.0,4.0,3.0,4.0,1.0,0.0,4.0,2.0,2.45,1.01,0.95,-0.99,0.03,1.08,1.07,0.7932840649999999,Asian,,,,,,,Men,no,masters,10K-50K,Slightly Liberal,False,True,False,False,False,False,False,False,False,True,False,80.0,Asian,Christian,Straight
6214,1013.7666666666664,100.0,1.0,"Yeah, don't these men know that all they have to do is put on some ugly lipstick, tacky knee high socks and call themselves something stupid like Aurora or Skye, then invade an actual pride parade?",5578,0,3.0,4.0,4.0,3.0,3.0,3.0,0.0,0.0,2.0,2.0,-0.23,0.61,0.57,-0.99,0.35,1.08,1.07,-0.190155393948493,,,,,Gay,,,Men,no,masters,10K-50K,Slightly Liberal,False,True,False,False,False,False,False,False,False,True,False,80.0,Asian,Christian,Straight
37970,1013.7666666666664,100.0,1.0,@Buster_Sword_CS Shirtless Noctis is not gay... He's merely enjoying his freedom,5578,2,2.0,2.0,2.0,2.0,2.0,2.0,0.0,0.0,2.0,0.0,-3.51,0.1,0.07,-0.99,0.63,1.08,1.07,-0.8141498986601758,,,,,Gay,,,Men,no,masters,10K-50K,Slightly Liberal,False,True,False,False,False,False,False,False,False,True,False,80.0,Asian,Christian,Straight
20016,1013.7666666666664,100.0,1.0,Keep the fucking Mexican scum rapists and murderers out of the country and the fucking Arab Islamic terrorists out of the U.S. too!! No Syrian refugees either!! Build a wall and keep all of these fucking parasites out of the United States. We'll round up the ones here illegally and ship them the fuck out!!!!,5578,1,4.0,4.0,4.0,4.0,4.0,4.0,2.0,4.0,4.0,2.0,2.36,0.93,0.87,-0.99,0.03,1.08,1.07,0.910102615,Middle Eastern,,Undocumented,,,,,Men,no,masters,10K-50K,Slightly Liberal,False,True,False,False,False,False,False,False,False,True,False,80.0,Asian,Christian,Straight
28621,1013.7666666666664,100.0,1.0,You are spreading fake propoganda against the Indian forces.  This is Baloch where coward Pakistani forces targeting baloch people.  Don't spread fake videos URL,5578,2,4.0,0.0,3.0,3.0,3.0,3.0,4.0,0.0,3.0,2.0,-2.16,5.0,7.1,-0.99,0.35,1.08,1.07,-0.3587743598690552,Middle Eastern,,Undocumented,,,,,Men,no,masters,10K-50K,Slightly Liberal,False,True,False,False,False,False,False,False,False,True,False,80.0,Asian,Christian,Straight
25932,1013.7666666666664,100.0,1.0,man: women are who are fat and ugly should be shot dead  his female followers: oi you are movin mad üò≠üò≠üò≠ they're coming 4 u,5578,2,4.0,4.0,4.0,4.0,4.0,4.0,0.0,4.0,4.0,2.0,1.94,1.38,1.18,-0.99,0.46,1.08,1.07,0.3502545666158496,,,,Women,,,,Men,no,masters,10K-50K,Slightly Liberal,False,True,False,False,False,False,False,False,False,True,False,80.0,Asian,Christian,Straight
38787,1013.7666666666664,100.0,1.0,#TuckFrump Mike Pence blasted for appearing with anti-LGBTQ extremists three times in five days URL @realTuckFrumper @RawStory,5578,2,2.0,2.0,2.0,2.0,2.0,2.0,0.0,0.0,2.0,1.0,-2.61,0.88,0.49,-0.99,0.43,1.08,1.07,-0.3894728360489521,,,,,Lesbian,,,Men,no,masters,10K-50K,Slightly Liberal,False,True,False,False,False,False,False,False,False,True,False,80.0,Asian,Christian,Straight
20029,1013.7666666666664,100.0,1.0,Learn the fucking language you fucking useless immigrant.,5578,1,4.0,4.0,4.0,4.0,3.0,3.0,1.0,0.0,3.0,2.0,1.52,0.8,0.7,-0.99,0.03,1.08,1.07,0.57030962,Middle Eastern,,Undocumented,,,,,Men,no,masters,10K-50K,Slightly Liberal,False,True,False,False,False,False,False,False,False,True,False,80.0,Asian,Christian,Straight
2009,1013.7666666666664,100.0,1.0,"Get that baby dick out of your mouth, degenerate mohel. Stop genociding Palestinians.",5578,0,4.0,4.0,4.0,4.0,3.0,4.0,2.0,0.0,4.0,2.0,0.66,0.51,0.47,-0.99,0.37,1.08,1.07,0.5484720918018002,Middle Eastern,,,,,,,Men,no,masters,10K-50K,Slightly Liberal,False,True,False,False,False,False,False,False,False,True,False,80.0,Asian,Christian,Straight
38423,1013.7666666666664,100.0,1.0,Could do with hearing my balls slap against Amanda's chin as I face fuck her before slipping my saliva covered cock into her tight arsehole URL,5578,2,4.0,4.0,4.0,4.0,3.0,4.0,0.0,0.0,4.0,0.0,1.06,0.72,0.64,-0.99,0.75,1.08,1.07,0.0027102480615808,,,,Women,,,,Men,no,masters,10K-50K,Slightly Liberal,False,True,False,False,False,False,False,False,False,True,False,80.0,Asian,Christian,Straight
20062,1013.7666666666664,100.0,1.0,I've always been proud of the Igbo tribe and our culture. Yesterday made me even more proud. You people are too fine abeg. #OgbakoUmuIgboDay,5578,1,0.0,0.0,0.0,0.0,1.0,0.0,0.0,0.0,2.0,0.0,-5.43,1.23,0.95,-0.99,0.04,1.08,1.07,0.3328228,Other,,,,,,,Men,no,masters,10K-50K,Slightly Liberal,False,True,False,False,False,False,False,False,False,True,False,80.0,Asian,Christian,Straight
29710,1013.7666666666664,100.0,1.0,it is an Alpha's job to make sure that fag's hole looks more like a pussy after each use.. URL,5578,2,4.0,4.0,4.0,4.0,3.0,3.0,2.0,0.0,3.0,2.0,0.85,0.86,0.74,-0.99,0.33,1.08,1.07,0.3284961238928937,,,,,Gay,,,Men,no,masters,10K-50K,Slightly Liberal,False,True,False,False,False,False,False,False,False,True,False,80.0,Asian,Christian,Straight
34899,1013.7666666666664,100.0,1.0,"@blaiklockBP ""Someone told you"" a made-up piece of bigotry & you are wilfully disseminating it to mislead & whip up hate.",5578,2,4.0,3.0,3.0,3.0,2.0,2.0,0.0,0.0,3.0,0.0,-1.36,0.39,0.37,-0.99,0.59,1.08,1.07,-0.3485067707175082,Other,,,,,,,Men,no,masters,10K-50K,Slightly Liberal,False,True,False,False,False,False,False,False,False,True,False,80.0,Asian,Christian,Straight
20064,971.4666666666665,100.0,1.0,Lailat al Miraj mubarak to all Muslims.. I'm wishing for everyone's peace & prosperityü§≤üèª,8469,1,1.0,0.0,0.0,0.0,2.0,0.0,0.0,0.0,2.0,0.0,-4.41,1.18,0.94,-0.39,0.03,1.53,2.31,0.264968315,,Muslim,,,,,,Women,no,college_grad_ba,10K-50K,,False,True,False,False,False,False,False,True,False,False,False,80.0,White,Nothing,Straight
20028,971.4666666666665,100.0,1.0,Fucking fagot burn in hell,8469,1,4.0,4.0,4.0,4.0,2.0,4.0,4.0,2.0,4.0,2.0,2.27,1.09,1.1,-0.39,0.04,1.53,2.31,0.9041804,,,,,Gay,,,Women,no,college_grad_ba,10K-50K,,False,True,False,False,False,False,False,True,False,False,False,80.0,White,Nothing,Straight
13756,971.4666666666665,100.0,1.0,How much I love Asian chicks,8469,0,3.0,4.0,3.0,3.0,2.0,3.0,0.0,0.0,2.0,2.0,-3.22,2.47,2.99,-0.39,0.32,1.53,2.31,-1.1065552395567653,,,Other,Women,,,,Women,no,college_grad_ba,10K-50K,,False,True,False,False,False,False,False,True,False,False,False,80.0,White,Nothing,Straight
20067,971.4666666666665,100.0,1.0,"Please help support nonbinary pride, add a #Twibbon now! URL",11117,1,1.0,0.0,0.0,0.0,2.0,0.0,0.0,0.0,0.0,0.0,-4.86,1.21,0.83,-0.2,0.03,1.49,1.46,0.0475424415,,,,,Other,,,Women,no,college_grad_ba,10K-50K,,False,True,False,False,False,False,False,True,False,False,False,80.0,White,Nothing,Straight
19343,971.4666666666665,100.0,1.0,I'd have you raise your crotch up as iuse your throat as a cocksleeve while I finger fuck your cunt until you squirt or your legs give out what ever happens last before u use my grool covered to smack you tits to smack and squeeze your tits before fucking with your nipples but I'll let you choose whether I pound your cunt or make you my analslut you can choose fuckmeat!,8469,0,4.0,4.0,4.0,4.0,3.0,4.0,3.0,0.0,3.0,2.0,2.32,0.84,0.71,-0.39,0.61,1.53,2.31,0.0617302991270683,,,,Women,,,,Women,no,college_grad_ba,10K-50K,,False,True,False,False,False,False,False,True,False,False,False,80.0,White,Nothing,Straight
23410,971.4666666666665,100.0,1.0,@ThomasJTobin1 Left the church after I watched people I considered stand-up and applaud that a national vote confirmed that people that identified as LGBTQ could not join the church. We have not returned since; my kids are young and sexuality isn't known yet but bigotry they do now recognize.,11117,2,2.0,0.0,0.0,0.0,2.0,0.0,0.0,0.0,0.0,0.0,-2.54,1.48,1.31,-0.2,0.31,1.49,1.46,-1.0827131746430292,,Other,,,Lesbian,,,Women,no,college_grad_ba,10K-50K,,False,True,False,False,False,False,False,True,False,False,False,80.0,White,Nothing,Straight
20018,971.4666666666665,100.0,1.0,"RT @JihadistJoe: We Muslims have no military honour whatsoever, we are sub human savages that slaughter unarmed men, women & children http:‚Ä¶",11117,1,4.0,4.0,4.0,4.0,4.0,4.0,0.0,0.0,0.0,0.0,1.27,1.19,1.15,-0.2,0.02,1.49,1.46,0.83097157,Middle Eastern,,,,,,,Women,no,college_grad_ba,10K-50K,,False,True,False,False,False,False,False,True,False,False,False,80.0,White,Nothing,Straight
11248,971.4666666666665,100.0,1.0,"I'm Mexican too, fair skin, blue eyes and light brown hair. My mom has dark hair, eyes and olive toned skin. When I was a baby they used to asked her if she was the babysitter. Yes it was hard on her but she never let that get to her. Don't change your appearance because people are rude instead of minding their own business.",8469,0,2.0,0.0,0.0,0.0,2.0,0.0,0.0,0.0,0.0,0.0,-3.12,1.51,1.21,-0.39,0.32,1.53,2.31,-1.0150745345411454,,,Immigrant,,,,,Women,no,college_grad_ba,10K-50K,,False,True,False,False,False,False,False,True,False,False,False,80.0,White,Nothing,Straight
15312,971.4666666666665,100.0,1.0,"Alright lad we get it, you're a furry and you're tryna defend yaself, how about instead you get a life and stop fantasising about fuckin a pig ya dirty bastard",11117,0,4.0,4.0,4.0,4.0,4.0,4.0,0.0,0.0,4.0,1.0,1.85,0.72,0.64,-0.2,0.75,1.49,1.46,0.27352466329681,,,,,Other,,,Women,no,college_grad_ba,10K-50K,,False,True,False,False,False,False,False,True,False,False,False,80.0,White,Nothing,Straight
20014,971.4666666666665,100.0,1.0,"@Cam_Coles You don't know what I know. Name somebody colder, you monkey faced immigrant",8469,1,4.0,4.0,4.0,4.0,3.0,4.0,0.0,0.0,4.0,1.0,1.48,0.87,0.84,-0.39,0.02,1.53,2.31,0.502894865,,,Immigrant,,,,,Women,no,college_grad_ba,10K-50K,,False,True,False,False,False,False,False,True,False,False,False,80.0,White,Nothing,Straight
20053,971.4666666666665,100.0,1.0,"No, the chances of a muslim shooting you in America is almost nil. There are over 50K gun deaths every year christian USA. We should be focusing our attention on Christians and less on peace loving Muslims.",8469,1,3.0,2.0,1.0,1.0,3.0,1.0,1.0,0.0,2.0,0.0,-1.89,1.55,1.3,-0.39,0.02,1.53,2.31,0.8162459,,Muslim,,,,,,Women,no,college_grad_ba,10K-50K,,False,True,False,False,False,False,False,True,False,False,False,80.0,White,Nothing,Straight
42897,971.4666666666665,100.0,1.0,@Ali Razi of course but we do not change their gender as your Satanic religious leaders do.,11117,3,4.0,4.0,4.0,4.0,4.0,4.0,0.0,0.0,4.0,1.0,0.84,0.87,0.72,-0.2,0.36,1.49,1.46,-0.7316204241686234,,Muslim,,,,,,Women,no,college_grad_ba,10K-50K,,False,True,False,False,False,False,False,True,False,False,False,80.0,White,Nothing,Straight
20033,971.4666666666665,100.0,1.0,"STOP SUCKING THAT FATASS' DICK, YOU NIGGERLOVING KIKE",11117,1,4.0,4.0,4.0,4.0,4.0,4.0,0.0,0.0,4.0,2.0,1.79,0.93,0.99,-0.2,0.04,1.49,1.46,0.59674046,Middle Eastern,,,,,,,Women,no,college_grad_ba,10K-50K,,False,True,False,False,False,False,False,True,False,False,False,80.0,White,Nothing,Straight
26548,971.4666666666665,100.0,1.0,I'm getting extremely sick & tired of watching men beating women! Whether it's Sharia or just worthless a$$ cowardly punks like these. You don't hit women! At some point this is going to have a violent outcome & rebellion by women. That day can't come soon enough! PACK A WEAPON! URL,8469,2,4.0,4.0,1.0,2.0,4.0,1.0,3.0,3.0,4.0,0.0,-1.64,3.55,6.37,-0.39,0.34,1.53,2.31,0.2434142761366469,Middle Eastern,Muslim,Other,,,,,Women,no,college_grad_ba,10K-50K,,False,True,False,False,False,False,False,True,False,False,False,80.0,White,Nothing,Straight
20034,971.4666666666665,100.0,1.0,gay people should die,11117,1,4.0,4.0,1.0,4.0,4.0,2.0,1.0,2.0,4.0,0.0,2.54,1.69,1.67,-0.2,0.03,1.49,1.46,0.98751125,,,,,Gay,,,Women,no,college_grad_ba,10K-50K,,False,True,False,False,False,False,False,True,False,False,False,80.0,White,Nothing,Straight
4458,971.4666666666665,100.0,1.0,"I'm going into nursing and I'm terrified of this sort of thing. I get the whole identity conflict, which is fine, but not this situation where feelings overtake science. You can identify with female pronouns, but don't expect a pap smear and don't get offended when you're still considered at risk for male-only disorders.",11117,0,3.0,3.0,1.0,1.0,2.0,1.0,0.0,0.0,2.0,0.0,-1.97,1.24,0.89,-0.2,0.3,1.49,1.46,-0.8897762660907529,,,,Transgender Women,,,,Women,no,college_grad_ba,10K-50K,,False,True,False,False,False,False,False,True,False,False,False,80.0,White,Nothing,Straight
42704,971.4666666666665,100.0,1.0,"Women have achieved equality. They are the ""NEW ASSHOLES"".",11117,3,4.0,4.0,4.0,4.0,2.0,4.0,0.0,0.0,4.0,1.0,0.48,0.79,0.74,-0.2,0.3,1.49,1.46,-0.1379488554744217,,,,Women,,,,Women,no,college_grad_ba,10K-50K,,False,True,False,False,False,False,False,True,False,False,False,80.0,White,Nothing,Straight
43793,971.4666666666665,100.0,1.0,IMPEACH ALL ISLAMIC FUNDAMENTALISTS IN OUR GOVERNMENT PRONTO!!!!!,8469,3,4.0,3.0,1.0,1.0,2.0,1.0,0.0,0.0,4.0,0.0,-0.24,1.34,1.03,-0.39,0.3,1.53,2.31,0.0350231038177439,,Muslim,,,,,,Women,no,college_grad_ba,10K-50K,,False,True,False,False,False,False,False,True,False,False,False,80.0,White,Nothing,Straight
2173,971.4666666666665,100.0,1.0,"I'm not anti Semitic, but i want all jews to burn in a oven",8469,0,4.0,4.0,4.0,4.0,2.0,4.0,4.0,4.0,4.0,0.0,1.72,2.4,2.71,-0.39,0.38,1.53,2.31,0.377467541296578,,Jewish,,,,,,Women,no,college_grad_ba,10K-50K,,False,True,False,False,False,False,False,True,False,False,False,80.0,White,Nothing,Straight
49597,971.4666666666665,100.0,1.0,only fags play soccer,8469,3,4.0,4.0,3.0,3.0,3.0,2.0,1.0,0.0,3.0,2.0,0.41,0.69,0.58,-0.39,0.31,1.53,2.31,-0.1984396749580442,,,,,Gay,,,Women,no,college_grad_ba,10K-50K,,False,True,False,False,False,False,False,True,False,False,False,80.0,White,Nothing,Straight
11466,971.4666666666665,100.0,1.0,"I dunno what's worse; Reddit fags on 4chan or 4chan getting bitchy about it ""Can I be in the screenshot *pleeeeease??*"" sure thing faggot you get off from minor mockery and we get off from internet points.",11117,0,4.0,4.0,4.0,4.0,4.0,4.0,0.0,0.0,4.0,2.0,2.11,0.57,0.41,-0.2,0.47,1.49,1.46,0.2841935125589273,,,,,Gay,,,Women,no,college_grad_ba,10K-50K,,False,True,False,False,False,False,False,True,False,False,False,80.0,White,Nothing,Straight
20005,971.4666666666665,100.0,1.0,"Careful what you wish for, you always wanted to feel a huge cock up your hole bitch so now whimper all you like, squeal & cry that ain't gonna stop this bull from raping your boi pussy apart he'll only stop when he is done and shoots his load and breed you URL",11117,1,4.0,4.0,4.0,4.0,4.0,4.0,3.0,0.0,4.0,2.0,2.1,1.16,1.24,-0.2,0.03,1.49,1.46,0.73934555,,,,Women,,,,Women,no,college_grad_ba,10K-50K,,False,True,False,False,False,False,False,True,False,False,False,80.0,White,Nothing,Straight
42470,971.4666666666665,100.0,1.0,Ugly assed woman.,11117,3,4.0,4.0,4.0,4.0,3.0,4.0,0.0,0.0,4.0,2.0,1.0,0.75,0.7,-0.2,0.32,1.49,1.46,0.1390330363195519,,,,Women,,,,Women,no,college_grad_ba,10K-50K,,False,True,False,False,False,False,False,True,False,False,False,80.0,White,Nothing,Straight
42646,971.4666666666665,100.0,1.0,"Isreal support the trump I hope they fail I hope the Persians drive them *ALL* into the sea Drown you worthless devils, you refuse to stand, you refuse to fight... *COWARDS* drown...",11117,3,4.0,4.0,4.0,4.0,4.0,4.0,4.0,4.0,4.0,1.0,3.71,1.83,1.2,-0.2,0.57,1.49,1.46,0.2354397889679728,Middle Eastern,,,,,,,Women,no,college_grad_ba,10K-50K,,False,True,False,False,False,False,False,True,False,False,False,80.0,White,Nothing,Straight
20009,971.4666666666665,100.0,1.0,"GET RID OF THOSE FUCKING MUSLIMS! the nasty ones that won't assimilate, rape women, beat children, threaten democracy, plan terror attacks, assault innocent secular people and force their disgusting religion on everyone else by way of violence. Assimilate OR GET THE FUCK OUT OR BE PREPARED TO DIE!",8469,1,4.0,4.0,4.0,4.0,4.0,1.0,3.0,3.0,4.0,0.0,3.13,1.64,1.86,-0.39,0.03,1.53,2.31,0.94734925,,Muslim,,,,,,Women,no,college_grad_ba,10K-50K,,False,True,False,False,False,False,False,True,False,False,False,80.0,White,Nothing,Straight
48425,971.4666666666665,100.0,1.0,"Elect a stupid woman, get a stupid woman.",8469,3,3.0,3.0,3.0,3.0,3.0,2.0,0.0,0.0,3.0,0.0,0.03,0.64,0.56,-0.39,0.3,1.53,2.31,0.2057282691278929,,,,Women,,,,Women,no,college_grad_ba,10K-50K,,False,True,False,False,False,False,False,True,False,False,False,80.0,White,Nothing,Straight
8041,971.4666666666665,100.0,1.0,"He's like UK teenagers ""you're smirking? that's gay as fuck""",11117,0,4.0,4.0,4.0,4.0,4.0,4.0,0.0,0.0,2.0,2.0,0.19,0.91,0.77,-0.2,0.35,1.49,1.46,-0.2131457566922792,,,Specific Country,,Gay,,,Women,no,college_grad_ba,10K-50K,,False,True,False,False,False,False,False,True,False,False,False,80.0,White,Nothing,Straight
16493,950.9666666666666,100.0,1.0,"Let more people know I'm gay, I don't know why but it still kinda feels like I'm not being open to people",5692,0,0.0,0.0,0.0,0.0,2.0,0.0,0.0,0.0,2.0,0.0,-3.77,1.1,0.37,-0.34,0.39,1.17,0.66,-1.1069359772091476,,,,,Gay,,,Women,no,masters,10K-50K,Liberal,False,True,False,False,False,False,False,False,False,True,False,79.0,White,Christian,Straight
20057,950.9666666666666,100.0,1.0,"This is why we won, because Americans know that giving these people power for another day is unacceptable. We need to fight back against the Synagogue and their White/Mexican/Black Communist useful idiots they get to do their dirty work for them. I am armed and I am ready for these scum if they try to resist being sent back to Mexico/Guatemala all these illegal invaders that want to invade our nations and change it to suit their savage ways. Illegals must die.",5692,1,4.0,4.0,4.0,4.0,4.0,4.0,4.0,3.0,4.0,2.0,2.97,1.63,1.72,-0.34,0.03,1.17,0.66,0.9521567,Other,Jewish,Undocumented,,,,,Women,no,masters,10K-50K,Liberal,False,True,False,False,False,False,False,False,False,True,False,79.0,White,Christian,Straight
20055,950.9666666666666,100.0,1.0,There is plenty of evidence that women and non-white people are disadvantaged in almost every hiring process in the western world.,5692,1,2.0,0.0,0.0,0.0,2.0,1.0,0.0,0.0,1.0,0.0,-2.77,1.29,1.16,-0.34,0.02,1.17,0.66,0.38366801,Other,,,Other,,,,Women,no,masters,10K-50K,Liberal,False,True,False,False,False,False,False,False,False,True,False,79.0,White,Christian,Straight
13674,950.9666666666666,100.0,1.0,Arabs? What's an Arab? Iranians are terrorists.,5692,0,3.0,4.0,4.0,4.0,4.0,4.0,2.0,2.0,4.0,2.0,0.66,0.89,0.83,-0.34,0.31,1.17,0.66,-0.159858485271778,,,Specific Country,,,,,Women,no,masters,10K-50K,Liberal,False,True,False,False,False,False,False,False,False,True,False,79.0,White,Christian,Straight
22918,950.9666666666666,100.0,1.0,#VirginiaBeachStrong a cowardly closet hating white nationalist home grown terrorist will kill at this magnitude.,5692,2,4.0,4.0,4.0,4.0,0.0,4.0,4.0,4.0,4.0,2.0,2.07,1.09,1.56,-0.34,0.56,1.17,0.66,0.2568542648257429,Other,,Other,,,,,Women,no,masters,10K-50K,Liberal,False,True,False,False,False,False,False,False,False,True,False,79.0,White,Christian,Straight
20020,950.9666666666666,100.0,1.0,"They all need to be Kicked, taken out of our country. Obama brought them all in Illegally. Send the Trash back to there own country",5692,1,4.0,4.0,4.0,4.0,4.0,4.0,1.0,1.0,4.0,0.0,1.63,0.99,0.94,-0.34,0.03,1.17,0.66,0.69011055,,,Other,,,,,Women,no,masters,10K-50K,Liberal,False,True,False,False,False,False,False,False,False,True,False,79.0,White,Christian,Straight
24631,950.9666666666666,100.0,1.0,No one will like you. No one will love you. You should die like that baby you killed. You're trash. The only action you'll ever get is from your rapists and they left you behind on the ground like garbage.,5692,2,4.0,4.0,4.0,4.0,4.0,4.0,4.0,1.0,4.0,2.0,3.29,0.58,0.24,-0.34,1.12,1.17,0.66,0.5289987295816811,,,,Women,,,,Women,no,masters,10K-50K,Liberal,False,True,False,False,False,False,False,False,False,True,False,79.0,White,Christian,Straight
6616,950.9666666666666,100.0,1.0,Nay I'm not against sex and sexuality. I'm for people doing what makes them happy (and doesn't harm others). My rarely having sex is what makes ME happy.,5692,0,0.0,4.0,0.0,0.0,2.0,0.0,0.0,0.0,0.0,0.0,-4.26,3.42,0.98,-0.34,0.51,1.17,0.66,-1.141851802344746,,,,Women,Straight,Seniors,,Women,no,masters,10K-50K,Liberal,False,True,False,False,False,False,False,False,False,True,False,79.0,White,Christian,Straight
17732,950.9666666666666,100.0,1.0,"""Hamas started as a violent group and has slowly grown into..."" implying they are no longer violent.",5692,0,0.0,1.0,0.0,0.0,2.0,0.0,0.0,0.0,0.0,0.0,-4.43,1.05,0.32,-0.34,0.55,1.17,0.66,-0.2683898538007125,,Muslim,Specific Country,,,,,Women,no,masters,10K-50K,Liberal,False,True,False,False,False,False,False,False,False,True,False,79.0,White,Christian,Straight
10476,950.9666666666666,100.0,1.0,No he is happily married for decades. I should take pictures of the inside and post them to the interior design subreddit and say my aunt. She rocked it. Not there anymore though just was on vacation there.,5692,0,0.0,0.0,0.0,0.0,2.0,0.0,0.0,0.0,0.0,0.0,-6.08,0.96,0.48,-0.34,1.0,1.17,0.66,-0.9588044835096292,,,,Men,,Middle Aged,,Women,no,masters,10K-50K,Liberal,False,True,False,False,False,False,False,False,False,True,False,79.0,White,Christian,Straight
2747,950.9666666666666,100.0,1.0,**Ben Shapiro Debunks Black Lives Matter with FACTS and LOGIC.**,5692,0,3.0,4.0,3.0,2.0,2.0,2.0,1.0,1.0,3.0,1.0,-2.21,1.48,0.69,-0.34,0.44,1.17,0.66,-0.5699931612938034,Black,,,,,,,Women,no,masters,10K-50K,Liberal,False,True,False,False,False,False,False,False,False,True,False,79.0,White,Christian,Straight
15026,950.9666666666666,100.0,1.0,Go back to Russia you POS,5692,0,4.0,4.0,4.0,4.0,4.0,4.0,1.0,1.0,3.0,0.0,1.03,0.71,0.67,-0.34,0.37,1.17,0.66,0.2763864869364383,,,Specific Country,,,,,Women,no,masters,10K-50K,Liberal,False,True,False,False,False,False,False,False,False,True,False,79.0,White,Christian,Straight
31779,950.9666666666666,100.0,1.0,Perspective: I'm a dual citizen of the U.S. and Britain. But people rarely consider me an immigrant. URL,5692,2,1.0,0.0,0.0,0.0,2.0,0.0,0.0,0.0,1.0,0.0,-3.89,1.15,0.41,-0.34,0.49,1.17,0.66,-1.0642117784366518,,,Other,,,,,Women,no,masters,10K-50K,Liberal,False,True,False,False,False,False,False,False,False,True,False,79.0,White,Christian,Straight
30261,950.9666666666666,100.0,1.0,"Meagan the Stallion done gave these bitches the definition of ""hot girl"" now they done REDEFINED THE MEANING. Nah you city hoe replicas y'all was on y'all hoe shit this summer until she stated what it really was. GET OFF MY DICK.",5692,2,4.0,3.0,4.0,4.0,2.0,4.0,2.0,1.0,4.0,0.0,0.83,0.88,0.95,-0.34,0.45,1.17,0.66,-0.0647698190263221,,,,,Straight,,,Women,no,masters,10K-50K,Liberal,False,True,False,False,False,False,False,False,False,True,False,79.0,White,Christian,Straight
8503,950.9666666666666,100.0,1.0,"Yeah, that too!  Plus, I don't know about you, but as I grow older I kinda get tired of these people talking about their gayness all the time in all circumstances. I got hobbies defining me way more than my sexuality. I know a guy who talks constantly about it, about his sex life, about his weird hook-ups on Grindr in a desperate effort to shock the audience or make himself interesting, and it's just obnoxious to me. What I'm looking for in a good gay character is a character who's interesting in other fields, not just a giant billboard constantly referencing who he bangs all the time.",5692,0,3.0,3.0,3.0,3.0,3.0,2.0,0.0,0.0,3.0,0.0,-0.96,0.68,0.49,-0.34,0.41,1.17,0.66,-0.7370600868045749,,,,Men,Gay,,,Women,no,masters,10K-50K,Liberal,False,True,False,False,False,False,False,False,False,True,False,79.0,White,Christian,Straight
30061,950.9666666666666,100.0,1.0,I hate lame ass niggas. Who tf birthed y'all,5692,2,4.0,4.0,4.0,4.0,4.0,4.0,1.0,1.0,4.0,1.0,1.32,0.75,0.69,-0.34,0.39,1.17,0.66,0.2910441128004739,Black,,,,,,,Women,no,masters,10K-50K,Liberal,False,True,False,False,False,False,False,False,False,True,False,79.0,White,Christian,Straight
2952,950.9666666666666,100.0,1.0,"Awww man don't let it affect you like that. If people stare at you, just stay close your head up and smile like a princess. They'll probably go ""ughhh"" and it just means they're envious and mean. Don't let meanies stop you from being with who you want to be with! I think interracial couples are cute and I've been seeing a lot of them recently (I even saw a cute elderly couple talking about dinner as they were walking out of Walmart). If people have the nerve to be mean at you rather than be happy, then that means they have no love to give because of their own miserable lives.",5692,0,0.0,0.0,0.0,0.0,2.0,0.0,0.0,0.0,0.0,0.0,-6.66,1.0,1.0,-0.34,1.82,1.17,0.66,-1.1024895207298695,Other,,,,,,,Women,no,masters,10K-50K,Liberal,False,True,False,False,False,False,False,False,False,True,False,79.0,White,Christian,Straight
25918,950.9666666666666,100.0,1.0,This bitch deserves to burn in hell.,5692,2,4.0,4.0,4.0,4.0,4.0,4.0,2.0,4.0,4.0,2.0,2.03,0.9,0.97,-0.34,0.43,1.17,0.66,0.4737705615976947,Other,,,Women,Other,,,Women,no,masters,10K-50K,Liberal,False,True,False,False,False,False,False,False,False,True,False,79.0,White,Christian,Straight
18090,929.2,100.0,1.0,"Oompa loompa doopity dock, why don't you just go suck on my cock.",5688,0,4.0,3.0,3.0,3.0,3.0,3.0,1.0,0.0,2.0,0.0,-0.23,0.71,0.65,-0.21,0.59,1.12,1.5,-0.1128521772571015,,,,,Gay,,,Men,no,college_grad_ba,10K-50K,Slightly Liberal,False,True,False,False,False,False,False,True,False,False,False,78.0,White,Christian,Straight
23301,929.2,100.0,1.0,this nigga look gay as hell iM DEAD,5688,2,2.0,4.0,4.0,3.0,3.0,3.0,0.0,0.0,3.0,2.0,0.85,1.15,1.12,-0.21,0.31,1.12,1.5,0.0241686179339812,Black,,,,Gay,,,Men,no,college_grad_ba,10K-50K,Slightly Liberal,False,True,False,False,False,False,False,True,False,False,False,78.0,White,Christian,Straight
39711,929.2,100.0,1.0,3 years ago today i came out to my madre,5688,2,2.0,4.0,2.0,2.0,2.0,2.0,1.0,0.0,2.0,0.0,-2.91,1.22,0.44,-0.21,0.32,1.12,1.5,-1.1942938172091948,,,,,Lesbian,,,Men,no,college_grad_ba,10K-50K,Slightly Liberal,False,True,False,False,False,False,False,True,False,False,False,78.0,White,Christian,Straight
20052,929.2,100.0,1.0,"It's just really pointless and insulting to people who actually experience racism by implying our society is in need of a reminder that being a white person is okay. Because I doubt one genuine look at history would leave anyone wondering if ""being white"" in the U.S. will be perceived as a problem.  The very concept of on a personal level being okay with the fact you were born with the skin color you were born with is of course not racist. But the statement just makes it seem like white people are at risk to become some sort of outcasts.",5688,1,2.0,2.0,2.0,2.0,2.0,2.0,1.0,0.0,2.0,0.0,-2.34,1.04,0.82,-0.21,0.02,1.12,1.5,0.4495550150000001,Black,,,,,,,Men,no,college_grad_ba,10K-50K,Slightly Liberal,False,True,False,False,False,False,False,True,False,False,False,78.0,White,Christian,Straight
18496,929.2,100.0,1.0,But why did they kill off the only LGBT character? (an actual complaint by some Tumblrina),5688,0,2.0,2.0,2.0,2.0,2.0,2.0,2.0,1.0,2.0,0.0,-2.78,0.86,0.59,-0.21,0.32,1.12,1.5,-0.5361919520327711,,,,,Lesbian,,,Men,no,college_grad_ba,10K-50K,Slightly Liberal,False,True,False,False,False,False,False,True,False,False,False,78.0,White,Christian,Straight
10031,929.2,100.0,1.0,All I wanted by Paramore Pristine by Snail Mail Wish you were gay by Billie Eilish,5688,0,2.0,2.0,2.0,2.0,2.0,2.0,1.0,1.0,2.0,0.0,-3.0,0.31,0.15,-0.21,0.46,1.12,1.5,-0.8890779793661326,,,,,Gay,,,Men,no,college_grad_ba,10K-50K,Slightly Liberal,False,True,False,False,False,False,False,True,False,False,False,78.0,White,Christian,Straight
38528,929.2,100.0,1.0,y are girls so mean,5688,2,3.0,4.0,3.0,3.0,3.0,3.0,1.0,0.0,3.0,0.0,-1.1,0.78,0.59,-0.21,0.29,1.12,1.5,-0.1593150945045325,,,,Women,,,,Men,no,college_grad_ba,10K-50K,Slightly Liberal,False,True,False,False,False,False,False,True,False,False,False,78.0,White,Christian,Straight
28547,929.2,100.0,1.0,These niggas is too Cock sucker,5688,2,4.0,4.0,4.0,4.0,4.0,4.0,0.0,0.0,4.0,2.0,0.32,1.1,0.94,-0.21,0.35,1.12,1.5,0.3196133959266759,Black,,,,,,,Men,no,college_grad_ba,10K-50K,Slightly Liberal,False,True,False,False,False,False,False,True,False,False,False,78.0,White,Christian,Straight
8603,929.2,100.0,1.0,"For escaping rapists  only she didn't escape them at all  not in a man's world  where women exist  so men can have some fun and boost their own male morale by smashing women's down we see the big cheesy grins on men's faces  NEWS FLASH Twelve Israelis held in Cyprus over alleged gang rape of British tourist   Now team manhood will work very hard to get their bro's off the hook  we know how it all goes  ""What were you doing in a room with 12 men.. why else would you be there?""  Men in their male empires, see no evil, hear no evil, speak no evil  they never dish the dirt on their team manhood!",5688,0,4.0,4.0,3.0,3.0,3.0,3.0,0.0,0.0,3.0,0.0,0.56,1.37,1.06,-0.21,0.35,1.12,1.5,-0.1740817176457938,,,,Women,,,,Men,no,college_grad_ba,10K-50K,Slightly Liberal,False,True,False,False,False,False,False,True,False,False,False,78.0,White,Christian,Straight
17157,929.2,100.0,1.0,She cheated on him with Jesus,5688,0,2.0,4.0,4.0,3.0,2.0,3.0,1.0,0.0,2.0,0.0,-0.58,1.78,1.41,-0.21,0.59,1.12,1.5,-0.2174472557699965,,Christian,,,,,,Men,no,college_grad_ba,10K-50K,Slightly Liberal,False,True,False,False,False,False,False,True,False,False,False,78.0,White,Christian,Straight
45259,929.2,100.0,1.0,One black children on sexual clip??? Wtf ? Colective insanity !!! Open your eyes! This clip reduct your mind at the street dog in copulation instinct. This is regretion of conscience. And put on sexual clip one children?! WTF,5688,3,2.0,4.0,3.0,3.0,2.0,2.0,1.0,0.0,2.0,0.0,-2.11,1.38,0.87,-0.21,0.43,1.12,1.5,-0.274077862372813,Black,,,,,,,Men,no,college_grad_ba,10K-50K,Slightly Liberal,False,True,False,False,False,False,False,True,False,False,False,78.0,White,Christian,Straight
41924,929.2,100.0,1.0,"‚ù§Ô∏è = the fight between masculinity and femininity  üß°= the homophobia in churches üíõ= discovering the attraction to males  üíö= coming to terms with it and being proud  üíô= being emotionally and physically abused for being lgbt üíú= standing proud even though many people don't feel the same, barely holding it together",5688,3,1.0,1.0,1.0,1.0,2.0,2.0,1.0,0.0,2.0,0.0,-3.88,0.33,0.35,-0.21,0.49,1.12,1.5,-1.100125058568984,,,,,Straight,,,Men,no,college_grad_ba,10K-50K,Slightly Liberal,False,True,False,False,False,False,False,True,False,False,False,78.0,White,Christian,Straight
15118,929.2,100.0,1.0,"The reason they keep fucking kids is becuase they practice an ancient babylonian religion , in were you can take the childs energy by violating them. Also they are sick chomo fucks.",5688,0,4.0,3.0,3.0,3.0,3.0,3.0,1.0,0.0,3.0,0.0,1.13,0.7,0.7,-0.21,0.32,1.12,1.5,0.2722677474042316,,,,,Other,,,Men,no,college_grad_ba,10K-50K,Slightly Liberal,False,True,False,False,False,False,False,True,False,False,False,78.0,White,Christian,Straight
20010,929.2,100.0,1.0,"Hey ,muslim dickhead !!!!!!!! Why don;t you go and shove Allah or whatever the fuck you call the retard up your stupid backwards ass !!!!!!!!! You fucking muslims are a bunch of jealous west hating mongs, Islam is a peaceful religion, BULLSHIT !!!!!!! There are many times when it refers to violence. So go strap on your suicide bomb and blow yourself up. yey, one less feeble minded prick ion the world.",5688,1,2.0,4.0,4.0,3.0,3.0,3.0,3.0,2.0,3.0,2.0,3.16,1.15,1.27,-0.21,0.03,1.12,1.5,0.95355925,,Muslim,,,,,,Men,no,college_grad_ba,10K-50K,Slightly Liberal,False,True,False,False,False,False,False,True,False,False,False,78.0,White,Christian,Straight
4762,929.2,100.0,1.0,"Guess who gets thanked for amazing birthday parties. Is it pride month, or gay pride month?",5688,0,2.0,2.0,2.0,2.0,2.0,1.0,1.0,0.0,2.0,0.0,-2.83,0.23,0.12,-0.21,0.37,1.12,1.5,-1.131562597585401,,,,,Gay,,,Men,no,college_grad_ba,10K-50K,Slightly Liberal,False,True,False,False,False,False,False,True,False,False,False,78.0,White,Christian,Straight
36873,929.2,100.0,1.0,"If the gospel in your church can't go beyond skin colours , tribe , social boundaries then that's not gospel ..ü§îü§îü§î If segregation and racism can't be fixed in church ... do think it can be fixed in the world ...",5688,2,2.0,4.0,4.0,3.0,2.0,2.0,0.0,0.0,3.0,0.0,-2.02,1.56,0.97,-0.21,0.31,1.12,1.5,-0.9138248573370412,,Christian,,,,,,Men,no,college_grad_ba,10K-50K,Slightly Liberal,False,True,False,False,False,False,False,True,False,False,False,78.0,White,Christian,Straight
20015,929.2,100.0,1.0,"GEEZ..... I think #NorthKorea may be right. #BarackObama is a monkey! Surely acts like one.   URL""",5688,1,4.0,4.0,3.0,3.0,2.0,3.0,1.0,0.0,2.0,0.0,1.42,0.93,0.92,-0.21,0.03,1.12,1.5,0.50489745,Black,,,,,,,Men,no,college_grad_ba,10K-50K,Slightly Liberal,False,True,False,False,False,False,False,True,False,False,False,78.0,White,Christian,Straight
5212,929.2,100.0,1.0,Hahasorry Thought maybe it was homosexual slang,5688,0,2.0,2.0,2.0,2.0,2.0,2.0,1.0,0.0,2.0,0.0,-1.85,0.6,0.78,-0.21,0.35,1.12,1.5,-0.445416920467274,,,,,Lesbian,,,Men,no,college_grad_ba,10K-50K,Slightly Liberal,False,True,False,False,False,False,False,True,False,False,False,78.0,White,Christian,Straight
25804,903.7666666666667,100.0,1.0,Bitch got thag nigga fucking her ass till he feed her all that nut URL,4337,2,4.0,4.0,4.0,3.0,3.0,3.0,1.0,0.0,3.0,2.0,0.62,1.42,1.38,-0.49,0.32,0.8,0.93,0.2144432219877853,Black,,,,,,,Men,no,masters,10K-50K,Liberal,False,True,False,False,False,False,False,False,False,True,False,76.0,White,Buddhist,Straight
25862,903.7666666666667,100.0,1.0,"And as for men- we have said this before and it's good to reiterate it again- IF you have to beat a woman to show that you are a man, then you are absolutely not a man. You are a wild uncivilised animal and only fit to live in the jungles of the rainforest with your colleagues.",4337,2,4.0,4.0,3.0,3.0,4.0,4.0,1.0,1.0,3.0,0.0,-1.34,2.86,2.11,-0.49,0.3,0.8,0.93,-0.2608881725452779,,,,Men,,,,Men,no,masters,10K-50K,Liberal,False,True,False,False,False,False,False,False,False,True,False,76.0,White,Buddhist,Straight
23517,903.7666666666667,100.0,1.0,what are cishet aces even talking abt bitch i'm gnna k*ll u,4337,2,4.0,4.0,4.0,4.0,3.0,3.0,4.0,1.0,4.0,2.0,1.9,1.32,1.37,-0.49,0.42,0.8,0.93,-0.3829714355048113,,,,Women,,,,Men,no,masters,10K-50K,Liberal,False,True,False,False,False,False,False,False,False,True,False,76.0,White,Buddhist,Straight
4145,903.7666666666667,100.0,1.0,Weak ass bitch gonna cry again. Just like you cried when you realized you're not even good at being a whore and couldn't even handle a light beating,4337,0,4.0,4.0,4.0,4.0,3.0,2.0,3.0,1.0,4.0,2.0,2.57,0.84,0.84,-0.49,0.53,0.8,0.93,0.3555089509651654,,,,Women,,,,Men,no,masters,10K-50K,Liberal,False,True,False,False,False,False,False,False,False,True,False,76.0,White,Buddhist,Straight
21006,903.7666666666667,100.0,1.0,Bitch was sucking my dick so good I had to punch her in the head,4337,2,3.0,4.0,3.0,3.0,2.0,3.0,3.0,1.0,3.0,2.0,1.26,1.18,1.49,-0.49,0.39,0.8,0.93,0.3522124828634655,,,,Women,,,,Men,no,masters,10K-50K,Liberal,False,True,False,False,False,False,False,False,False,True,False,76.0,White,Buddhist,Straight
39561,903.7666666666667,100.0,1.0,Bitch FUCK YOU!!! Fucking dumb ass bitch I hope someone fucks you up for this,4337,2,4.0,4.0,4.0,4.0,4.0,2.0,3.0,1.0,4.0,0.0,2.18,1.2,1.47,-0.49,0.54,0.8,0.93,0.5051327577442856,,,,Women,,,,Men,no,masters,10K-50K,Liberal,False,True,False,False,False,False,False,False,False,True,False,76.0,White,Buddhist,Straight
1550,903.7666666666667,100.0,1.0,"YTA for calling it ""a gay ass thing"" - homophobia is not cool by any stretch. And yeah you're an asshole for whatever stupid shit you did. Grow the fuck up",4337,0,4.0,1.0,1.0,1.0,2.0,1.0,0.0,0.0,1.0,2.0,-3.36,2.56,2.22,-0.49,0.38,0.8,0.93,-0.1190781960793648,,,,,Gay,,,Men,no,masters,10K-50K,Liberal,False,True,False,False,False,False,False,False,False,True,False,76.0,White,Buddhist,Straight
29939,903.7666666666667,100.0,1.0,THE ISLAMIST COMMUNIST BABY KILLERS SHOULD HAVE GONE AHEAD WITH IT JUST TO BE DEFEATED AND BECOME THE JOKE OF THE COUNTRY AND THE WORLD MORE THAN THEY ALREADY ARE... URL,4337,2,4.0,4.0,4.0,3.0,3.0,3.0,2.0,2.0,3.0,0.0,1.04,0.74,0.69,-0.49,0.33,0.8,0.93,0.4677943163444897,,Muslim,,,,,,Men,no,masters,10K-50K,Liberal,False,True,False,False,False,False,False,False,False,True,False,76.0,White,Buddhist,Straight
20013,903.7666666666667,100.0,1.0,"At 7:19 is why I hate people, women especially look how mad she got just because the dog splashed her.. f*** you you stupid b**** either have fun or go kill yourself",4337,1,4.0,4.0,4.0,4.0,3.0,3.0,3.0,1.0,4.0,2.0,1.57,1.19,1.22,-0.49,0.03,0.8,0.93,0.83744985,,,,Women,,,,Men,no,masters,10K-50K,Liberal,False,True,False,False,False,False,False,False,False,True,False,76.0,White,Buddhist,Straight
22394,903.7666666666667,100.0,1.0,"@RussofjrRusso @CBSEveningNews @CBSNews @PressSec @weijia People don't make the journey because of loopholes in our immigration laws (although there are many), they make the dangerous journey because they want to provide for their loved ones and they see this opportunity here in the United States of America.",4337,2,1.0,1.0,1.0,1.0,2.0,1.0,1.0,1.0,1.0,0.0,-3.99,0.58,0.21,-0.49,0.44,0.8,0.93,-1.0359921590636278,,,Undocumented,,,,,Men,no,masters,10K-50K,Liberal,False,True,False,False,False,False,False,False,False,True,False,76.0,White,Buddhist,Straight
34734,903.7666666666667,100.0,1.0,@brickMNYbishop No you a bitch for talking about a nigga that takes care his kid and nothing but his business dumb ah lil boy ü§∑üèæ‚Äç‚ôÇÔ∏è,4337,2,4.0,3.0,3.0,2.0,2.0,2.0,1.0,0.0,3.0,2.0,-0.86,0.63,0.72,-0.49,0.59,0.8,0.93,-0.0923294055152612,,,,Men,,,,Men,no,masters,10K-50K,Liberal,False,True,False,False,False,False,False,False,False,True,False,76.0,White,Buddhist,Straight
40455,903.7666666666667,100.0,1.0,Kabbalah Zohar comes from people who rejected Jesus as the Messiah.,4337,3,2.0,2.0,1.0,1.0,2.0,1.0,1.0,0.0,2.0,0.0,-3.09,0.21,0.13,-0.49,0.37,0.8,0.93,-0.7597664186627727,,Jewish,,,,,,Men,no,masters,10K-50K,Liberal,False,True,False,False,False,False,False,False,False,True,False,76.0,White,Buddhist,Straight
20068,903.7666666666667,100.0,1.0,trump is the only jews true friend. I hope trump will be the next US president and help Israel to kill all Palestinian fucking muslim. we will kill all muslim in the world.,4337,1,4.0,4.0,4.0,4.0,3.0,3.0,4.0,4.0,4.0,0.0,2.66,1.94,2.16,-0.49,0.03,0.8,0.93,0.98148165,,Muslim,,,,,,Men,no,masters,10K-50K,Liberal,False,True,False,False,False,False,False,False,False,True,False,76.0,White,Buddhist,Straight
21406,903.7666666666667,100.0,1.0,"Dumb bitch, dumb shit!",4337,2,4.0,4.0,4.0,4.0,3.0,3.0,1.0,1.0,4.0,0.0,0.98,0.71,0.67,-0.49,0.4,0.8,0.93,0.3264731099980693,,,,Women,,,,Men,no,masters,10K-50K,Liberal,False,True,False,False,False,False,False,False,False,True,False,76.0,White,Buddhist,Straight
30665,903.7666666666667,100.0,1.0,"@brumbyoz @yehlog @shahfaesal @OmarAbdullah Suppose a kashmiri muslim also make fun of any verse from Guru Granth Saahib, will police not take action against him? So why no action has been taking against this guy.",4337,2,2.0,2.0,1.0,1.0,2.0,1.0,1.0,1.0,2.0,0.0,-3.42,0.14,0.09,-0.49,0.65,0.8,0.93,-0.7786193281187279,,Muslim,,,,,,Men,no,masters,10K-50K,Liberal,False,True,False,False,False,False,False,False,False,True,False,76.0,White,Buddhist,Straight
20026,903.7666666666667,100.0,1.0,"Being a woman had fuck all go do with her failure, her being a paedophile protecting globalist Zionist cunt is her own making, as a human, and I use that term lightly because that whore of the devil has a black heart!",4337,1,4.0,4.0,4.0,4.0,3.0,3.0,1.0,1.0,3.0,2.0,1.32,0.98,0.9,-0.49,0.04,0.8,0.93,0.64588548,,Jewish,,Women,,,,Men,no,masters,10K-50K,Liberal,False,True,False,False,False,False,False,False,False,True,False,76.0,White,Buddhist,Straight
20059,903.7666666666667,100.0,1.0,happy pride month i'm gay URL,4337,1,0.0,0.0,0.0,0.0,2.0,0.0,0.0,0.0,0.0,0.0,-4.3,1.09,0.56,-0.49,0.03,0.8,0.93,0.26618849,,,,,Gay,,,Men,no,masters,10K-50K,Liberal,False,True,False,False,False,False,False,False,False,True,False,76.0,White,Buddhist,Straight
8994,885.1,100.0,1.0,Nah this country is technically in one of its best states it's ever been in. As a whole there is more representation and less discrimination. Also as a proud American myself I can still say that yes there are still some issues (like any country has) but big changes are happening and within a decade it will improve by a lot.,7791,0,1.0,1.0,0.0,0.0,1.0,0.0,0.0,0.0,1.0,0.0,-4.22,0.21,0.11,0.37,0.55,0.87,0.75,-1.1576321673432497,,,Specific Country,,,,,Men,no,some_college,50K-100K,Conservative,False,True,False,False,False,True,False,False,False,False,False,75.0,White,Christian,Straight
20024,885.1,100.0,1.0,"Yes, in barbaric, authoritarian cultures that have since been condemned. Interesting that Christians desire to perpetuate the same idea.",7791,1,3.0,3.0,3.0,2.0,3.0,0.0,0.0,0.0,3.0,0.0,-0.94,0.89,0.76,0.37,0.02,0.87,0.75,0.42777565,,Christian,,,,,,Men,no,some_college,50K-100K,Conservative,False,True,False,False,False,True,False,False,False,False,False,75.0,White,Christian,Straight
4587,885.1,100.0,1.0,"Your language for one dumb fuck. I know your ultra Americanized brain has rejected any notion of Arab identity because you didn't want to be picked on by the white bullies at your low income public school, but for one your home countries native fucking language you impudent shit.",7791,0,4.0,4.0,4.0,3.0,3.0,2.0,1.0,0.0,3.0,2.0,1.03,0.51,0.5,0.37,0.45,0.87,0.75,0.0192808238389224,,Muslim,Other,,,,,Men,no,some_college,50K-100K,Conservative,False,True,False,False,False,True,False,False,False,False,False,75.0,White,Christian,Straight
26493,885.1,100.0,1.0,"You've made me stink among all the people of this land‚Äîamong all the Canaanites and Perizzites. We are so few that they will join forces and crush us. I will be ruined, and my entire household will be wiped out!""",7791,2,4.0,2.0,2.0,2.0,2.0,1.0,0.0,0.0,2.0,0.0,-0.55,0.89,0.69,0.37,0.34,0.87,0.75,0.2011136434905086,,,Specific Country,,,,,Men,no,some_college,50K-100K,Conservative,False,True,False,False,False,True,False,False,False,False,False,75.0,White,Christian,Straight
20038,885.1,100.0,1.0,"Aint nobody wearing those new Westbrook ""Jordan's"" but Mexicans & trailer park trash white girls.",7791,1,3.0,3.0,4.0,2.0,3.0,1.0,0.0,0.0,3.0,1.0,0.35,0.79,0.7,0.37,0.03,0.87,0.75,0.58089418,Latinx,,,Women,,,,Men,no,some_college,50K-100K,Conservative,False,True,False,False,False,True,False,False,False,False,False,75.0,White,Christian,Straight
43442,885.1,100.0,1.0,"ugly hater go get a life she so beautiful and it is more than we could say about you. stop talking about Africa you white trash, what do you know about that part of the world? nothing. ugly fat fool get loss",7791,3,4.0,3.0,3.0,2.0,3.0,2.0,0.0,0.0,3.0,1.0,0.73,0.6,0.49,0.37,0.45,0.87,0.75,0.199463693485138,White,,,,,,,Men,no,some_college,50K-100K,Conservative,False,True,False,False,False,True,False,False,False,False,False,75.0,White,Christian,Straight
16178,885.1,100.0,1.0,AND THIS BITCH HAS THE AUDACITY TO CRY??,7791,0,4.0,4.0,4.0,3.0,2.0,2.0,1.0,0.0,2.0,2.0,0.83,0.96,0.87,0.37,0.44,0.87,0.75,-0.2699768196689692,,,,Women,,,,Men,no,some_college,50K-100K,Conservative,False,True,False,False,False,True,False,False,False,False,False,75.0,White,Christian,Straight
47205,885.1,100.0,1.0,go back yo europe. you have no right to be in native homelands. youre nothing but a poarasitic invader murderer and thief,7791,3,3.0,3.0,3.0,2.0,3.0,1.0,0.0,0.0,3.0,2.0,0.46,0.53,0.52,0.37,0.43,0.87,0.75,0.215370208240803,White,,Other,,,,,Men,no,some_college,50K-100K,Conservative,False,True,False,False,False,True,False,False,False,False,False,75.0,White,Christian,Straight
26842,885.1,100.0,1.0,"@_AyParcasi64 Merhaba fatma , just wanted to inform you that this phrase ""men are trash"" goes against the Quraan and hadith because the sentence contains generalization thus including the infallible prophets and encompasses the pious virtuous muslims as well ( Al-awliyaa)so uttering it is mere",7791,2,1.0,1.0,1.0,0.0,2.0,0.0,0.0,0.0,1.0,0.0,-3.23,0.53,0.23,0.37,0.47,0.87,0.75,-0.4872081076609499,,Muslim,,,,,,Men,no,some_college,50K-100K,Conservative,False,True,False,False,False,True,False,False,False,False,False,75.0,White,Christian,Straight
21275,885.1,100.0,1.0,niggas ain't meant to be fucked wit nd bitches ain't meant to be trusted,7791,2,3.0,4.0,3.0,3.0,3.0,1.0,0.0,0.0,3.0,2.0,0.94,0.52,0.48,0.37,0.46,0.87,0.75,-0.126262787254925,Black,,,,,,,Men,no,some_college,50K-100K,Conservative,False,True,False,False,False,True,False,False,False,False,False,75.0,White,Christian,Straight
27786,885.1,100.0,1.0,Muslims are turning Germany into a nightmare! Thanks to all leftist liberal pagan politicians that hate their country and their people so much that they allowed these barbaric savages into the country! If you breed mambas sooner or later they will kill you!,7791,2,4.0,4.0,4.0,3.0,3.0,4.0,0.0,0.0,3.0,2.0,2.2,0.49,0.36,0.37,0.45,0.87,0.75,0.4290457510311257,Middle Eastern,Muslim,,,,,,Men,no,some_college,50K-100K,Conservative,False,True,False,False,False,True,False,False,False,False,False,75.0,White,Christian,Straight
32962,885.1,100.0,1.0,"Yes! The Palestinians terrorist state needs to be wiped from the face of the earth. While we're at it, let's take care of Iran too. URL",7791,2,4.0,4.0,4.0,3.0,3.0,4.0,4.0,4.0,4.0,2.0,3.24,1.38,1.41,0.37,0.68,0.87,0.75,0.2232771304098488,Middle Eastern,,Specific Country,,,,,Men,no,some_college,50K-100K,Conservative,False,True,False,False,False,True,False,False,False,False,False,75.0,White,Christian,Straight
49016,885.1,100.0,1.0,"This chick is an embarrassment to her gender. We used to have to look to Maxine Waters for this level of semi-coherent stupidity, but it would appear that Mad Max has passed the torch to a younger, dumber generation.",7791,3,3.0,3.0,3.0,3.0,2.0,2.0,0.0,0.0,3.0,0.0,0.52,0.53,0.51,0.37,0.36,0.87,0.75,-0.0062552018568194,,,,Women,,,,Men,no,some_college,50K-100K,Conservative,False,True,False,False,False,True,False,False,False,False,False,75.0,White,Christian,Straight
20045,885.1,100.0,1.0,Hitler didn't finish it. Can u. If a nigger ur Jew confronts u in the street what then.,7791,1,4.0,4.0,4.0,3.0,3.0,3.0,4.0,3.0,4.0,2.0,2.27,1.51,1.49,0.37,0.03,0.87,0.75,0.6914533,Other,,,,,,,Men,no,some_college,50K-100K,Conservative,False,True,False,False,False,True,False,False,False,False,False,75.0,White,Christian,Straight
7479,885.1,100.0,1.0,The amount of women hating incels in this thread lmao I know you niggas not getting any play from women,7791,0,2.0,3.0,3.0,3.0,3.0,2.0,0.0,0.0,2.0,2.0,-0.76,0.95,1.15,0.37,0.41,0.87,0.75,-0.180321308184314,Black,,,,,,,Men,no,some_college,50K-100K,Conservative,False,True,False,False,False,True,False,False,False,False,False,75.0,White,Christian,Straight
20069,885.1,100.0,1.0,Trans rights are human rights,7791,1,2.0,1.0,0.0,0.0,2.0,0.0,0.0,0.0,1.0,0.0,-5.4,1.32,1.04,0.37,0.04,0.87,0.75,0.1104052975,,,,Transgender Unspecified,,,,Men,no,some_college,50K-100K,Conservative,False,True,False,False,False,True,False,False,False,False,False,75.0,White,Christian,Straight
20088,882.7,100.0,1.0,I hate niggas you complain like suck it up you little bitch,7676,2,4.0,4.0,3.0,2.0,4.0,1.0,0.0,0.0,2.0,2.0,1.45,0.87,0.69,0.69,0.33,1.64,2.21,0.3068188800546163,Black,,,,,,,Women,no,some_college,10K-50K,Extremeley Conservative,False,True,False,False,False,True,False,False,False,False,False,76.0,White,Christian,Straight
2088,882.7,100.0,1.0,"Are you so deep in the incel world that you think cleavage is soft core porn? Lol holy shit you guys are so fucked in the head. Have fun being alone forever, and please don't rape or kill anyone like other incels are starting to do more and more.",7676,0,4.0,4.0,4.0,4.0,2.0,3.0,2.0,1.0,2.0,0.0,0.88,0.95,0.84,0.69,0.35,1.64,2.21,-0.026218294995724,,,,,Straight,,,Women,no,some_college,10K-50K,Extremeley Conservative,False,True,False,False,False,True,False,False,False,False,False,76.0,White,Christian,Straight
18346,882.7,100.0,1.0,">I am sorry did i hurt your white pride ? In what world does India have more rape per capita than USA ? I guess some people judge humans based on skin color. I'm Pakistani, and I also believe there's more rape in Pakistan per capita than the US. It's literally common sense, but w.e >Lmao racist .How can west have any crimes at all. Intact the rapes does not exist . UN is anti american propaganda which list USA having 15 times worse rape than India . there are no rapes at all in USA,. They are invented in India .I mean you just read a racist and western supremacist propaganda right . k",7676,0,4.0,2.0,2.0,3.0,2.0,2.0,0.0,0.0,1.0,0.0,-0.44,1.04,0.78,0.69,0.34,1.64,2.21,-0.2273425665508856,White,,,Women,,,,Women,no,some_college,10K-50K,Extremeley Conservative,False,True,False,False,False,True,False,False,False,False,False,76.0,White,Christian,Straight
26170,882.7,100.0,1.0,"I was commenting on one of my American follower's tweet. So as i was replying i typed the word nigga, then had to quickly delete it and use a mild word like brother. In Zim we call each other nigga on a zuverly basis. We just don't give what they call an actual phuck!",7676,2,2.0,2.0,1.0,1.0,2.0,1.0,0.0,0.0,2.0,0.0,-2.24,0.86,0.84,0.69,0.36,1.64,2.21,-0.1843001175892368,Black,,,,,,,Women,no,some_college,10K-50K,Extremeley Conservative,False,True,False,False,False,True,False,False,False,False,False,76.0,White,Christian,Straight
36180,882.7,100.0,1.0,"[TRANS] guys, sbd said they're keumdong's classmate and asked him ""what do u think about by9?"" and this is what he answered, ""because bynine is so popular... if we debut with bynine... haha i want to debut"" ajajdjaj the kid said it already, pls make it happenüò≠üò≠üò≠ istg URL",7676,2,2.0,2.0,2.0,2.0,2.0,1.0,1.0,0.0,2.0,0.0,-1.84,0.1,0.07,0.69,0.63,1.64,2.21,-0.9616924896312314,,,,Transgender Women,Other,,,Women,no,some_college,10K-50K,Extremeley Conservative,False,True,False,False,False,True,False,False,False,False,False,76.0,White,Christian,Straight
20008,882.7,100.0,1.0,Fuck you fuck you you stupid cheating bitch go lick a dick and die ur a stupid nigger bitch,7676,1,4.0,4.0,4.0,4.0,3.0,2.0,1.0,0.0,2.0,2.0,2.14,1.08,1.11,0.69,0.03,1.64,2.21,0.95218285,Black,,,Women,,,,Women,no,some_college,10K-50K,Extremeley Conservative,False,True,False,False,False,True,False,False,False,False,False,76.0,White,Christian,Straight
22489,882.7,100.0,1.0,"i hate bitches who get around dudes & have a brand new personality, act regular ugly lol",7676,2,4.0,4.0,3.0,3.0,2.0,3.0,0.0,0.0,2.0,0.0,0.07,1.02,0.9,0.69,0.34,1.64,2.21,0.0248019030156783,,,,Women,,,,Women,no,some_college,10K-50K,Extremeley Conservative,False,True,False,False,False,True,False,False,False,False,False,76.0,White,Christian,Straight
19431,882.7,100.0,1.0,"Not sure a cheap slut like you deserve to be used and abused by a real man, you're so stupid you cover your tits, the only part of this picture that would be worth seeing.",7676,0,4.0,4.0,4.0,3.0,4.0,2.0,0.0,0.0,2.0,0.0,2.16,0.99,0.95,0.69,0.37,1.64,2.21,0.4319586322394416,,,,Women,,,,Women,no,some_college,10K-50K,Extremeley Conservative,False,True,False,False,False,True,False,False,False,False,False,76.0,White,Christian,Straight
1645,882.7,100.0,1.0,Dump the nigga,7676,0,3.0,3.0,2.0,1.0,2.0,1.0,0.0,0.0,2.0,0.0,-1.08,0.55,0.68,0.69,0.34,1.64,2.21,0.0547856168277797,Black,,,,,,,Women,no,some_college,10K-50K,Extremeley Conservative,False,True,False,False,False,True,False,False,False,False,False,76.0,White,Christian,Straight
28525,882.7,100.0,1.0,Normally a bad diet and lack of exercise URL,7676,2,3.0,2.0,1.0,1.0,2.0,0.0,0.0,0.0,1.0,0.0,-2.24,0.86,0.42,0.69,0.65,1.64,2.21,-0.5976091399037026,Black,,,,,Seniors,Neurological,Women,no,some_college,10K-50K,Extremeley Conservative,False,True,False,False,False,True,False,False,False,False,False,76.0,White,Christian,Straight
20017,882.7,100.0,1.0,"My God look at these BARBARIC PPL. And these pigs all watching. They r a very, very sick culture. And Omar and Rashid want this crap here. This is America not the Middle East. Round them up and send them home.",7676,1,3.0,3.0,3.0,3.0,4.0,2.0,0.0,0.0,0.0,0.0,1.47,0.96,0.93,0.69,0.02,1.64,2.21,0.7225285699999999,Middle Eastern,,Undocumented,,,,,Women,no,some_college,10K-50K,Extremeley Conservative,False,True,False,False,False,True,False,False,False,False,False,76.0,White,Christian,Straight
28203,882.7,100.0,1.0,"niggas disgust me, & you bitches irritate me.",7676,2,4.0,3.0,3.0,3.0,4.0,1.0,0.0,0.0,2.0,2.0,0.53,0.65,0.61,0.69,0.35,1.64,2.21,0.2803009274059803,Black,,,Women,,,,Women,no,some_college,10K-50K,Extremeley Conservative,False,True,False,False,False,True,False,False,False,False,False,76.0,White,Christian,Straight
12852,882.7,100.0,1.0,"This is what google shows you when you type in ""bitter, frustrated lesbian""",7676,0,3.0,2.0,1.0,1.0,2.0,1.0,0.0,0.0,2.0,0.0,-0.21,1.33,0.92,0.69,0.34,1.64,2.21,-0.2481824347483507,,,,Women,Lesbian,,,Women,no,some_college,10K-50K,Extremeley Conservative,False,True,False,False,False,True,False,False,False,False,False,76.0,White,Christian,Straight
31411,882.7,100.0,1.0,üçâ Dane Jones Hot teen with plump bum fucks her older lovers fat cock URL,7676,2,4.0,4.0,4.0,4.0,2.0,3.0,0.0,0.0,2.0,0.0,0.51,2.06,1.76,0.69,0.42,1.64,2.21,-0.1768479810928547,,,,Women,,,,Women,no,some_college,10K-50K,Extremeley Conservative,False,True,False,False,False,True,False,False,False,False,False,76.0,White,Christian,Straight
17197,882.7,100.0,1.0,"Copts are Oriental Orthodox, not Eastern Orthodox. Granted, do have a few Copts here, because the two traditions are close enough that Oriental Orthodox often post on Eastern Orthodox forums. However, matters of who parishioners can marry or not is so dependent on the local priest, that strangers on the internet will be of little help and you really need to get her priest's input.",7676,0,2.0,2.0,3.0,4.0,4.0,4.0,1.0,0.0,2.0,0.0,-1.98,1.5,3.13,0.69,0.36,1.64,2.21,-1.1527413292118245,,Other,,,,,,Women,no,some_college,10K-50K,Extremeley Conservative,False,True,False,False,False,True,False,False,False,False,False,76.0,White,Christian,Straight
6827,882.7,100.0,1.0,Nothing. Religion is an evil and all religious people should be killed for the greater good.,7676,0,4.0,4.0,4.0,3.0,4.0,4.0,4.0,4.0,4.0,2.0,2.67,1.67,2.27,0.69,0.47,1.64,2.21,0.2340514944108039,,Muslim,,,,,,Women,no,some_college,10K-50K,Extremeley Conservative,False,True,False,False,False,True,False,False,False,False,False,76.0,White,Christian,Straight
13252,882.7,100.0,1.0,Muslims will take over,7676,0,2.0,2.0,3.0,4.0,0.0,2.0,4.0,2.0,4.0,2.0,-1.32,1.58,4.28,0.69,0.35,1.64,2.21,0.3076008234020246,Middle Eastern,Christian,Specific Country,,,,,Women,no,some_college,10K-50K,Extremeley Conservative,False,True,False,False,False,True,False,False,False,False,False,76.0,White,Christian,Straight
28929,882.7,100.0,1.0,@WhyDarkYT @WtfBuildz Lmao now he disrespecting religion lmao I'm getting yo adress from the booster and leaking it u may wanna move lmao,7676,2,4.0,3.0,3.0,3.0,2.0,2.0,4.0,3.0,4.0,2.0,0.27,1.65,3.89,0.69,0.42,1.64,2.21,-0.3666650570516049,,Christian,,,,,,Women,no,some_college,10K-50K,Extremeley Conservative,False,True,False,False,False,True,False,False,False,False,False,76.0,White,Christian,Straight
24983,867.7666666666667,100.0,1.0,"To the ""Things"" with vaginas in the world, I don't care anymore whether or not you get an abortion ,dig the fuck in!! I won't have to answer to anybody about your decision,, BUT,, just don't expect me to use my tax dollars for it‚Ä¶ You pay for the shit‚Ä¶ !! Buy your own mess!",1533,2,3.0,3.0,3.0,3.0,2.0,3.0,1.0,1.0,3.0,2.0,0.62,0.59,0.62,0.64,0.35,0.74,0.67,0.0531163494884772,,,,Women,,,,Men,no,college_grad_ba,<10K,Neutral,False,True,False,False,False,False,False,True,False,False,False,76.0,White,Other,Straight
20925,867.7666666666667,100.0,1.0,"@billmaher Hahaha! How can Catholics say they are for small government when the Vatican/church has the biggest government on earth, and more diplomatic missions, interferes in more politics, than any other government?",1533,2,2.0,2.0,2.0,2.0,2.0,1.0,0.0,0.0,2.0,0.0,-1.09,0.44,0.33,0.64,0.34,0.74,0.67,-0.6835533206539844,,Other,,,,,,Men,no,college_grad_ba,<10K,Neutral,False,True,False,False,False,False,False,True,False,False,False,76.0,White,Other,Straight
9989,867.7666666666667,100.0,1.0,"""go fuck yourself"" - male octopus",1533,0,4.0,3.0,3.0,2.0,2.0,2.0,1.0,1.0,3.0,1.0,-0.59,0.99,0.83,0.64,0.42,0.74,0.67,0.2524557998723407,,,,Men,,,,Men,no,college_grad_ba,<10K,Neutral,False,True,False,False,False,False,False,True,False,False,False,76.0,White,Other,Straight
23012,867.7666666666667,100.0,1.0,"It's sad that LGBT rights are a political issue. It should be basic, granted, given! But I am loving this from Taylor Swift!! URL",1533,2,1.0,2.0,1.0,1.0,2.0,1.0,0.0,0.0,1.0,0.0,-4.14,0.89,0.32,0.64,0.48,0.74,0.67,-1.310032193642597,,,,,Lesbian,,,Men,no,college_grad_ba,<10K,Neutral,False,True,False,False,False,False,False,True,False,False,False,76.0,White,Other,Straight
20685,867.7666666666667,100.0,1.0,i wish these pussy niggahs would tell me to my face instead of hiding behind some screen üò¥,1533,2,4.0,4.0,3.0,3.0,2.0,3.0,1.0,1.0,3.0,2.0,0.29,1.02,1.05,0.64,0.43,0.74,0.67,0.3190273942832213,Black,,,,,,,Men,no,college_grad_ba,<10K,Neutral,False,True,False,False,False,False,False,True,False,False,False,76.0,White,Other,Straight
20061,867.7666666666667,100.0,1.0,"I, a Catholic and a Jesuit, am grateful for this Muslim holy season for challenging me to be a more dedicated child of God. URL",1533,1,1.0,0.0,0.0,0.0,2.0,0.0,0.0,0.0,2.0,0.0,-3.98,1.55,1.2,0.64,0.03,0.74,0.67,0.15494665,,Other,,,,,,Men,no,college_grad_ba,<10K,Neutral,False,True,False,False,False,False,False,True,False,False,False,76.0,White,Other,Straight
6032,867.7666666666667,100.0,1.0,I want to ram my throbbing cock into that pussy.,1533,0,2.0,3.0,2.0,2.0,2.0,2.0,1.0,0.0,2.0,1.0,-0.93,0.69,1.19,0.64,0.42,0.74,0.67,0.2800155435391541,,,,Women,,,,Men,no,college_grad_ba,<10K,Neutral,False,True,False,False,False,False,False,True,False,False,False,76.0,White,Other,Straight
616,867.7666666666667,100.0,1.0,Why are all you desert people so fucking gay?,1533,0,3.0,3.0,3.0,3.0,2.0,2.0,1.0,1.0,2.0,2.0,-0.3,0.56,0.57,0.64,0.34,0.74,0.67,-0.0687087146448175,,,Undocumented,,Gay,,,Men,no,college_grad_ba,<10K,Neutral,False,True,False,False,False,False,False,True,False,False,False,76.0,White,Other,Straight
46051,867.7666666666667,100.0,1.0,"+Rick Ghosh that's an inaccurate statement because every country has faced issue with several religions. It would be easier to say most countries have had issues with Abrahamic religions like Judaism, Islam, and Christianity.",1533,3,2.0,1.0,1.0,1.0,2.0,1.0,0.0,0.0,2.0,0.0,-1.87,0.43,0.24,0.64,0.36,0.74,0.67,-0.9485909464902575,,Muslim,,,,,,Men,no,college_grad_ba,<10K,Neutral,False,True,False,False,False,False,False,True,False,False,False,76.0,White,Other,Straight
23093,867.7666666666667,100.0,1.0,Look how racist this cunt is.,1533,2,3.0,2.0,2.0,2.0,2.0,2.0,1.0,1.0,2.0,1.0,-0.53,0.69,0.64,0.64,0.41,0.74,0.67,-0.1095634461971126,Pacific Islander,,Undocumented,,,,,Men,no,college_grad_ba,<10K,Neutral,False,True,False,False,False,False,False,True,False,False,False,76.0,White,Other,Straight
20851,867.7666666666667,100.0,1.0,@BullPup2A @breckbuzz @POTUS She needs to be thrown out of the country. Send her to Somalia where she belongs.,1533,2,4.0,4.0,3.0,3.0,3.0,3.0,2.0,1.0,3.0,0.0,-0.32,0.94,0.81,0.64,0.34,0.74,0.67,0.225517762908426,Middle Eastern,,Specific Country,,,,,Men,no,college_grad_ba,<10K,Neutral,False,True,False,False,False,False,False,True,False,False,False,76.0,White,Other,Straight
20025,867.7666666666667,100.0,1.0,@L1LTR4P fucking losers wetbacks #SorryNotSorry,1533,1,4.0,4.0,3.0,3.0,4.0,3.0,2.0,1.0,3.0,2.0,1.51,0.83,0.75,0.64,0.04,0.74,0.67,0.58368551,Middle Eastern,,,,,,,Men,no,college_grad_ba,<10K,Neutral,False,True,False,False,False,False,False,True,False,False,False,76.0,White,Other,Straight
20054,867.7666666666667,100.0,1.0,oh that's cute. you didn't even read the thing you claim to support. there is nothing biologically inherent in women that would make them less adapt to do it work. thinking so does in fact make you 'crazy stupid'. sorry!,1533,1,2.0,2.0,1.0,1.0,2.0,1.0,1.0,0.0,1.0,0.0,-2.35,1.68,1.3,0.64,0.03,0.74,0.67,0.232463055,,,,Women,,,,Men,no,college_grad_ba,<10K,Neutral,False,True,False,False,False,False,False,True,False,False,False,76.0,White,Other,Straight
39129,852.6666666666667,100.0,1.0,@Zabehulah_M33 We already know that your enemies are Afghanistan's Muslims not Americans.. Killing of one Human is killing of all humanity.,7818,2,3.0,2.0,2.0,2.0,2.0,0.0,0.0,0.0,1.0,0.0,-1.08,1.53,0.88,0.29,0.34,1.01,0.86,0.0769521004688914,,Muslim,Specific Country,,,,,Men,no,college_grad_ba,50K-100K,Liberal,False,True,False,False,False,False,False,True,False,False,False,75.0,White,Nothing,Straight
18417,852.6666666666667,100.0,1.0,Women love to be told that. Truly.,7818,0,1.0,2.0,2.0,2.0,2.0,1.0,0.0,0.0,2.0,0.0,-2.92,0.42,0.22,0.29,0.47,1.01,0.86,-0.9480706252311222,,,,Women,,,,Men,no,college_grad_ba,50K-100K,Liberal,False,True,False,False,False,False,False,True,False,False,False,75.0,White,Nothing,Straight
47401,852.6666666666667,100.0,1.0,I'm a married Christian woman and I do not feel repressed. I feel like having faith in God helps me to love people more including my husband and my children first and everyone else outside of that. knowing God helps people feel loved and that leads to happiness as well. I've rarely met a happy atheist or a truly happy a occultist.,7818,3,0.0,3.0,3.0,2.0,3.0,1.0,0.0,0.0,3.0,0.0,-2.63,2.52,1.6,0.29,0.37,1.01,0.86,-1.2223533026107432,,Atheist,,,,,,Men,no,college_grad_ba,50K-100K,Liberal,False,True,False,False,False,False,False,True,False,False,False,75.0,White,Nothing,Straight
47047,852.6666666666667,100.0,1.0,I didn't know that jacob is a filipino,7818,3,2.0,2.0,1.0,0.0,2.0,0.0,0.0,0.0,2.0,0.0,-2.5,0.15,0.1,0.29,0.46,1.01,0.86,-0.9434883212532597,,,Specific Country,,,,,Men,no,college_grad_ba,50K-100K,Liberal,False,True,False,False,False,False,False,True,False,False,False,75.0,White,Nothing,Straight
28486,852.6666666666667,100.0,1.0,"women on here love masculinity above all its by nature. they respect strength above all. all that ""toxic masculinity"" talk is them putting up a front and them tryna appease gay men so they can get their makeup done for free",7818,2,3.0,3.0,3.0,2.0,2.0,1.0,0.0,0.0,3.0,0.0,-0.35,0.55,0.74,0.29,0.29,1.01,0.86,-0.3568783373992196,,,,Women,Gay,,,Men,no,college_grad_ba,50K-100K,Liberal,False,True,False,False,False,False,False,True,False,False,False,75.0,White,Nothing,Straight
30007,852.6666666666667,100.0,1.0,Bianca Reis Who wouldn't love to try to deep throat this monster cock? Only on URL celebrating 15 years online! #ladyboy #Brazilliants #ts #tgirl #grooby @GroobySteven @GroobyMike @TgirlsBrazilian URL,7818,2,2.0,2.0,2.0,2.0,2.0,2.0,0.0,0.0,2.0,0.0,-0.89,1.38,1.12,0.29,0.34,1.01,0.86,-0.3301534476871225,,,Specific Country,,Other,,,Men,no,college_grad_ba,50K-100K,Liberal,False,True,False,False,False,False,False,True,False,False,False,75.0,White,Nothing,Straight
20998,852.6666666666667,100.0,1.0,"For the same reason @Ilhan came here... they were killing Christians in Somalia so we bright 40,000 Muslims here?! It not logic, it's invasion.",7818,2,4.0,3.0,2.0,1.0,2.0,1.0,2.0,0.0,3.0,0.0,-0.28,0.65,0.53,0.29,0.34,1.01,0.86,-0.3201681919235329,,Muslim,,,,,,Men,no,college_grad_ba,50K-100K,Liberal,False,True,False,False,False,False,False,True,False,False,False,75.0,White,Nothing,Straight
20050,852.6666666666667,100.0,1.0,"I don't care how threatened you feel, you can't go throwing respect for human rights and due process out the window and just blow a kid away to defend your shit. But this is america the free country founded on genocide and slavery where they hold people in prison camps for years without trial and property is worth more than life so",7818,1,4.0,4.0,4.0,2.0,2.0,2.0,1.0,0.0,4.0,0.0,-0.92,1.48,1.33,0.29,0.03,1.01,0.86,0.59326623,,,Specific Country,,,,,Men,no,college_grad_ba,50K-100K,Liberal,False,True,False,False,False,False,False,True,False,False,False,75.0,White,Nothing,Straight
32127,852.6666666666667,100.0,1.0,A lot of West indians that were born/raised outside the region were still very much raised in the culture (as far it could go). So that's not a fair statement to make imo.,7818,2,2.0,2.0,1.0,0.0,2.0,0.0,0.0,0.0,1.0,0.0,-3.19,0.34,0.17,0.29,0.38,1.01,0.86,-0.9857053100946772,,,Other,,,,,Men,no,college_grad_ba,50K-100K,Liberal,False,True,False,False,False,False,False,True,False,False,False,75.0,White,Nothing,Straight
17959,852.6666666666667,100.0,1.0,I totally agree with you. She's a dumb fucking cunt.,7818,0,4.0,4.0,4.0,4.0,3.0,3.0,1.0,0.0,3.0,2.0,1.93,0.92,0.68,0.29,0.41,1.01,0.86,0.1413460324455836,,,,Women,,,,Men,no,college_grad_ba,50K-100K,Liberal,False,True,False,False,False,False,False,True,False,False,False,75.0,White,Nothing,Straight
12278,852.6666666666667,100.0,1.0,All men have a gay orgy to stop future generations from existing,7818,0,4.0,4.0,3.0,3.0,2.0,1.0,1.0,0.0,3.0,0.0,0.59,0.71,0.62,0.29,0.42,1.01,0.86,-0.1070503945223876,,,,Men,Gay,,,Men,no,college_grad_ba,50K-100K,Liberal,False,True,False,False,False,False,False,True,False,False,False,75.0,White,Nothing,Straight
48434,852.6666666666667,100.0,1.0,anti zion Is that the best you got? Iran's population is starving and you are talking nonsense,7818,3,3.0,3.0,3.0,2.0,2.0,1.0,1.0,0.0,3.0,0.0,-1.2,0.67,0.57,0.29,0.34,1.01,0.86,-0.2771022313663418,Other,Jewish,,,,,,Men,no,college_grad_ba,50K-100K,Liberal,False,True,False,False,False,False,False,True,False,False,False,75.0,White,Nothing,Straight
23725,852.6666666666667,100.0,1.0,Females are fucking stupid,7818,2,4.0,4.0,4.0,4.0,4.0,1.0,1.0,0.0,4.0,2.0,1.56,0.82,0.7,0.29,0.33,1.01,0.86,0.3272818572616974,,,,Women,,,,Men,no,college_grad_ba,50K-100K,Liberal,False,True,False,False,False,False,False,True,False,False,False,75.0,White,Nothing,Straight
38133,848.2666666666664,100.0,1.0,"@PattonlyPerfect Logan eagerly tasted his mouth, noticing the cookie dough from this morning. He kissed roughly, bucking into his touch st the ass grab.",9588,2,3.0,2.0,2.0,2.0,2.0,2.0,1.0,1.0,2.0,1.0,-2.98,0.59,0.26,-0.19,0.45,0.75,0.56,-0.5967046865167814,,,,Other,,,,Women,no,college_grad_ba,10K-50K,Neutral,False,True,False,False,False,False,False,True,False,False,False,76.0,White,Nothing,Straight
19687,848.2666666666664,100.0,1.0,"I'm guessing the person who said they just wanted to film someone attacking them was their goal, so they could use the video to make pro-immigration people seem violent",9588,0,4.0,2.0,2.0,2.0,2.0,2.0,2.0,2.0,3.0,1.0,-2.85,1.24,0.6,-0.19,0.37,0.75,0.56,-0.2415808577759927,Other,,Other,,,,,Women,no,college_grad_ba,10K-50K,Neutral,False,True,False,False,False,False,False,True,False,False,False,76.0,White,Nothing,Straight
19040,848.2666666666664,100.0,1.0,"Because alot of them view Catholicism as some sort of paganism, that Catholics worship Mary and the Saints and holding the Pope in some sort of God-like status. They also don't believe in the need to go to a priest for just about anything, they don't see the need for what they seem as a mediator between Jesus and the faithful. It is based out of ignorance about the Catholic faith and what the Church actually teaches regarding these concepts.",9588,0,2.0,2.0,2.0,2.0,2.0,1.0,1.0,1.0,2.0,0.0,-3.39,1.04,0.45,-0.19,0.38,0.75,0.56,-0.9375017477882406,,Other,,,,,,Women,no,college_grad_ba,10K-50K,Neutral,False,True,False,False,False,False,False,True,False,False,False,76.0,White,Nothing,Straight
38354,848.2666666666664,100.0,1.0,Bad fucking bitch,9588,2,4.0,3.0,3.0,3.0,3.0,2.0,1.0,1.0,3.0,2.0,0.14,0.45,0.46,-0.19,0.6,0.75,0.56,0.2007592099967587,,,,Women,,,,Women,no,college_grad_ba,10K-50K,Neutral,False,True,False,False,False,False,False,True,False,False,False,76.0,White,Nothing,Straight
27791,848.2666666666664,100.0,1.0,real bitch go hard for they nigga,9588,2,3.0,3.0,4.0,3.0,3.0,3.0,1.0,1.0,3.0,2.0,0.51,0.73,0.72,-0.19,0.62,0.75,0.56,-0.1517391508692376,Black,,,Women,,,,Women,no,college_grad_ba,10K-50K,Neutral,False,True,False,False,False,False,False,True,False,False,False,76.0,White,Nothing,Straight
1787,848.2666666666664,100.0,1.0,Like the filthy little cum dumpster whore you are.,9588,0,4.0,4.0,4.0,3.0,3.0,2.0,1.0,1.0,3.0,2.0,0.78,0.46,0.44,-0.19,0.46,0.75,0.56,0.4380100238308872,,,,Women,,,,Women,no,college_grad_ba,10K-50K,Neutral,False,True,False,False,False,False,False,True,False,False,False,76.0,White,Nothing,Straight
26953,848.2666666666664,100.0,1.0,"You shouldn't be both visually and deeply unattractive AND mean for no reason. You can, at least, be nice. Pick a side. Riding the fence is taking the side of the oppressor. Remember that lol.",9588,2,3.0,3.0,3.0,2.0,2.0,2.0,1.0,0.0,2.0,1.0,-1.6,0.32,0.23,-0.19,0.59,0.75,0.56,-0.364512105367089,Other,Other,Other,Other,Lesbian,Other,Unspecific,Women,no,college_grad_ba,10K-50K,Neutral,False,True,False,False,False,False,False,True,False,False,False,76.0,White,Nothing,Straight
2317,848.2666666666664,100.0,1.0,I bet that cunt is drafty you dumbass,9588,0,3.0,4.0,3.0,2.0,3.0,2.0,1.0,1.0,2.0,1.0,0.44,1.2,0.94,-0.19,0.44,0.75,0.56,0.4046903266274595,,,,Women,,,,Women,no,college_grad_ba,10K-50K,Neutral,False,True,False,False,False,False,False,True,False,False,False,76.0,White,Nothing,Straight
20041,848.2666666666664,100.0,1.0,"I'm sure there were several others, but Islam is definitely the worst",9588,1,3.0,3.0,2.0,2.0,3.0,2.0,1.0,1.0,3.0,1.0,-0.23,0.87,0.73,-0.19,0.03,0.75,0.56,0.407514905,,Muslim,,,,,,Women,no,college_grad_ba,10K-50K,Neutral,False,True,False,False,False,False,False,True,False,False,False,76.0,White,Nothing,Straight
6830,848.2666666666664,100.0,1.0,"2-10% of reported rape accusations are proven false. 2% of reported rape accusations are proven true. So, firstly: Fuck you",9588,0,3.0,4.0,3.0,3.0,2.0,2.0,2.0,1.0,3.0,1.0,-0.87,0.42,0.36,-0.19,0.41,0.75,0.56,-0.1270524433199033,,,,Women,,,,Women,no,college_grad_ba,10K-50K,Neutral,False,True,False,False,False,False,False,True,False,False,False,76.0,White,Nothing,Straight
48629,848.2666666666664,100.0,1.0,How disrespectful of these unhinged women to yell at the President and interrupt him while he is speaking! Who are those unhinged women!? Why no one reigns them in!?,9588,3,4.0,3.0,3.0,1.0,3.0,1.0,2.0,1.0,3.0,2.0,-0.2,0.49,0.47,-0.19,0.3,0.75,0.56,-0.355652246006827,,,,Women,,Seniors,,Women,no,college_grad_ba,10K-50K,Neutral,False,True,False,False,False,False,False,True,False,False,False,76.0,White,Nothing,Straight
38703,848.2666666666664,100.0,1.0,Ok suck your own dick nigga i know i can't,9588,2,3.0,4.0,3.0,3.0,2.0,3.0,2.0,1.0,3.0,1.0,0.25,0.73,0.7,-0.19,0.35,0.75,0.56,0.2165821369483497,Black,,,Men,,,,Women,no,college_grad_ba,10K-50K,Neutral,False,True,False,False,False,False,False,True,False,False,False,76.0,White,Nothing,Straight
19705,848.2666666666664,100.0,1.0,I'd leave that fuck hole dripping with cum like the whore you are and then call my friends to dump their loads inside you too,9588,0,4.0,4.0,4.0,3.0,3.0,3.0,3.0,1.0,3.0,2.0,2.37,0.66,0.43,-0.19,0.5,0.75,0.56,0.4345998218781957,,,,Women,,,,Women,no,college_grad_ba,10K-50K,Neutral,False,True,False,False,False,False,False,True,False,False,False,76.0,White,Nothing,Straight
10043,848.2666666666664,100.0,1.0,#I'll suck your dick and give you lots of aftercare and love that you need. ^(Not bi. No.),9588,0,2.0,2.0,2.0,2.0,2.0,2.0,1.0,1.0,2.0,0.0,-3.83,1.06,0.49,-0.19,0.47,0.75,0.56,-0.2195501479753252,,,,Men,,,,Women,no,college_grad_ba,10K-50K,Neutral,False,True,False,False,False,False,False,True,False,False,False,76.0,White,Nothing,Straight
14213,848.2666666666664,100.0,1.0,"Daammnn you're beautiful and sexy, I would love to have you sit down on my face and I'll eat your pussy and asshole until you cum really hard!!",9588,0,2.0,2.0,2.0,2.0,2.0,2.0,1.0,1.0,2.0,1.0,-2.72,0.1,0.07,-0.19,0.63,0.75,0.56,0.0840953923311837,,,,Women,,,,Women,no,college_grad_ba,10K-50K,Neutral,False,True,False,False,False,False,False,True,False,False,False,76.0,White,Nothing,Straight
46750,848.2666666666664,100.0,1.0,He has no empathy for these people because he looks at them as subhuman. The way the Nazis did the Jews. This is something that can't be changed in a person.,9588,3,3.0,4.0,3.0,3.0,4.0,1.0,2.0,2.0,4.0,2.0,0.51,0.8,0.75,-0.19,0.62,0.75,0.56,-0.5239193909820008,Other,,,,,,,Women,no,college_grad_ba,10K-50K,Neutral,False,True,False,False,False,False,False,True,False,False,False,76.0,White,Nothing,Straight
39511,848.2666666666664,100.0,1.0,fuck you dumb ass ugly ass bitch,9588,2,3.0,4.0,3.0,3.0,3.0,3.0,2.0,1.0,2.0,1.0,0.84,1.03,0.86,-0.19,0.46,0.75,0.56,0.4729230689595954,,,,Women,,,,Women,no,college_grad_ba,10K-50K,Neutral,False,True,False,False,False,False,False,True,False,False,False,76.0,White,Nothing,Straight
8717,840.0,100.0,1.0,"People like her are what give feminists a whiny bad name and just hurt their own cause, but of course tell that to a feminist and they just start reeing",2099,0,4.0,2.0,3.0,2.0,3.0,1.0,1.0,0.0,3.0,0.0,-0.31,1.3,1.06,-0.48,0.3,1.28,1.13,-0.1539467598849244,,,,Women,,,,Women,no,college_grad_ba,50K-100K,Liberal,False,True,False,False,False,False,False,True,False,False,False,74.0,White,Christian,Gay
13734,840.0,100.0,1.0,No insult cant think of shit with those holes in ur brain? Lame ass nigga.,2099,0,4.0,2.0,2.0,3.0,3.0,2.0,0.0,0.0,2.0,1.0,-1.38,0.79,1.04,-0.48,0.42,1.28,1.13,0.3698619770371997,Black,,,,,,Unspecific,Women,no,college_grad_ba,50K-100K,Liberal,False,True,False,False,False,False,False,True,False,False,False,74.0,White,Christian,Gay
48979,840.0,100.0,1.0,She is such POS and a F ing drama queen. She has no clue what this country is really all about. She must have been brain washed growing up. And the Oscar go to.,2099,3,4.0,4.0,4.0,4.0,4.0,3.0,0.0,0.0,4.0,0.0,0.97,0.62,0.57,-0.48,0.46,1.28,1.13,-0.0728792305096533,,,,Women,,,,Women,no,college_grad_ba,50K-100K,Liberal,False,True,False,False,False,False,False,True,False,False,False,74.0,White,Christian,Gay
28698,840.0,100.0,1.0,"Bitches always wanna raise up on the female their man is cheating with. Babygirl, YALL TWO* agreed to be together. YALL. Not you him and her. That girl don't owe you shit; you not proving to him you love him, you not gon make him be faithful you not gon make hoes stay away",2099,2,3.0,2.0,0.0,0.0,2.0,0.0,0.0,0.0,3.0,1.0,-1.92,1.41,1.31,-0.48,0.35,1.28,1.13,-0.239483342860886,,,,Women,,,,Women,no,college_grad_ba,50K-100K,Liberal,False,True,False,False,False,False,False,True,False,False,False,74.0,White,Christian,Gay
